대상_관광지,1순위,2순위,3순위,4순위,5순위,6순위,7순위,8순위,9순위,10순위,11순위,12순위,13순위,14순위,15순위,16순위,17순위,18순위,19순위,20순위,21순위,22순위,23순위,24순위,25순위,26순위,27순위,28순위,29순위,30순위,31순위,32순위,33순위,34순위,35순위,36순위,37순위,38순위,39순위,40순위,41순위,42순위,43순위,44순위,45순위,46순위,47순위,48순위,49순위,50순위,51순위,52순위,53순위,54순위,55순위,56순위,57순위,58순위,59순위,60순위,61순위,62순위,63순위,64순위,65순위,66순위,67순위,68순위,69순위,70순위,71순위,72순위
UN공원,아미르공원(0.1833),용두산공원(0.1525),낙동강하구에코센터(0.1509),오륙도스카이워크(0.1401),국립해양박물관(0.1285),동래읍성(0.1226),부산박물관(0.1221),태종대(0.1207),야구등대(0.1198),성지곡수원지(0.1144),부네치아(0.1007),금강공원(0.0932),사상인디스테이션(0.0914),동아대석당박물관(0.0908),누리마루(0.0848),송상현광장(0.0827),광안대교(0.0791),화명생태공원(0.0713),송도용궁구름다리(0.0698),보수동책방골목(0.0618),영도대교(0.0476),용호만유람선(0.0447),벡스코(0.0327),안데르센동화마을(0.0320),해운대블루라인파크(0.0247),영화의전당(0.0206),동래온천(0.0203),강서체육공원(0.0202),비프광장(0.0176),초량이바구길(0.0169),부산어촌민속관(0.0151),임랑해수욕장(0.0140),부전마켓타운(0.0119),을숙도(0.0116),다대포꿈의낙조분수(0.0062),국제시장(0.0053),일광해수욕장(0.0046),아미산전망대(0.0034),황령산(0.0024),아홉산숲(-0.0055),삼락생태공원(-0.0057),문화빙상센터(-0.0082),부산프리미엄아울렛(-0.0093),자갈치시장(-0.0099),장안사(-0.0101),구덕야영장(-0.0113),구포시장(-0.0125),호천마을(-0.0144),회동수원지(-0.0173),깡깡이예술마을(-0.0188),전포카페거리(-0.0402),장산(-0.0426),송정해수욕장(-0.0452),더베이101(-0.0514),범어사(-0.0517),상해거리(-0.0522),맥도생태공원(-0.0570),해운대해수욕장(-0.0769),흰여울문화마을(-0.0769),남항대교(-0.0770),광안대교sup(-0.0871),이기대도시자연공원(-0.0895),서동미로시장(-0.0904),송도해수욕장(-0.0967),부산치유의숲(-0.0991),감천문화마을(-0.1087),금정산성(-0.1176),부산항대교(-0.1187),절영해안산책로(-0.1488),대저생태공원(-0.1631),구덕운동장(-0.1819),다대포해수욕장(-0.2313)
감천문화마을,흰여울문화마을(0.6143),호천마을(0.5975),초량이바구길(0.3070),사상인디스테이션(0.2701),절영해안산책로(0.2687),대저생태공원(0.2181),깡깡이예술마을(0.1577),동래읍성(0.1567),해운대블루라인파크(0.1075),부네치아(0.1000),화명생태공원(0.0904),회동수원지(0.0899),송도용궁구름다리(0.0834),안데르센동화마을(0.0769),맥도생태공원(0.0714),아홉산숲(0.0678),남항대교(0.0675),강서체육공원(0.0630),성지곡수원지(0.0610),더베이101(0.0574),오륙도스카이워크(0.0559),부산치유의숲(0.0538),다대포꿈의낙조분수(0.0537),부산항대교(0.0483),아미산전망대(0.0475),구덕야영장(0.0456),부산박물관(0.0356),벡스코(0.0330),야구등대(0.0324),삼락생태공원(0.0273),태종대(0.0246),구덕운동장(0.0236),부산어촌민속관(0.0217),낙동강하구에코센터(0.0207),금정산성(0.0143),황령산(0.0020),국립해양박물관(-0.0038),장산(-0.0088),부산프리미엄아울렛(-0.0114),송정해수욕장(-0.0119),을숙도(-0.0126),범어사(-0.0205),문화빙상센터(-0.0216),용두산공원(-0.0252),자갈치시장(-0.0256),아미르공원(-0.0258),영화의전당(-0.0264),장안사(-0.0289),송상현광장(-0.0297),임랑해수욕장(-0.0306),상해거리(-0.0421),금강공원(-0.0446),광안대교sup(-0.0570),이기대도시자연공원(-0.0577),누리마루(-0.0634),용호만유람선(-0.0643),부전마켓타운(-0.0660),다대포해수욕장(-0.0703),보수동책방골목(-0.0714),비프광장(-0.0746),일광해수욕장(-0.0757),광안대교(-0.0883),서동미로시장(-0.0911),전포카페거리(-0.0950),영도대교(-0.1023),송도해수욕장(-0.1029),동래온천(-0.1044),UN공원(-0.1087),동아대석당박물관(-0.1106),해운대해수욕장(-0.1133),국제시장(-0.1345),구포시장(-0.1365)
강서체육공원,구덕운동장(0.2892),아미르공원(0.2206),부산항대교(0.1950),장산(0.1940),국립해양박물관(0.1840),서동미로시장(0.1631),사상인디스테이션(0.1509),벡스코(0.1478),태종대(0.1256),삼락생태공원(0.1223),대저생태공원(0.1195),안데르센동화마을(0.1193),아미산전망대(0.1106),을숙도(0.1057),범어사(0.1021),이기대도시자연공원(0.1017),아홉산숲(0.1006),부산치유의숲(0.0972),황령산(0.0946),부산어촌민속관(0.0840),누리마루(0.0815),동래읍성(0.0803),영도대교(0.0746),영화의전당(0.0740),다대포해수욕장(0.0734),장안사(0.0634),감천문화마을(0.0630),금강공원(0.0604),남항대교(0.0581),문화빙상센터(0.0533),구포시장(0.0529),성지곡수원지(0.0527),동아대석당박물관(0.0451),부산박물관(0.0422),송도용궁구름다리(0.0412),금정산성(0.0405),자갈치시장(0.0383),낙동강하구에코센터(0.0308),광안대교sup(0.0302),화명생태공원(0.0212),UN공원(0.0202),임랑해수욕장(0.0138),다대포꿈의낙조분수(0.0116),해운대블루라인파크(0.0011),오륙도스카이워크(-0.0031),맥도생태공원(-0.0056),해운대해수욕장(-0.0080),비프광장(-0.0103),국제시장(-0.0124),더베이101(-0.0136),광안대교(-0.0137),용호만유람선(-0.0140),일광해수욕장(-0.0141),부전마켓타운(-0.0146),송정해수욕장(-0.0167),보수동책방골목(-0.0168),용두산공원(-0.0212),부네치아(-0.0287),송도해수욕장(-0.0299),부산프리미엄아울렛(-0.0313),상해거리(-0.0350),호천마을(-0.0356),절영해안산책로(-0.0437),송상현광장(-0.0544),깡깡이예술마을(-0.0599),구덕야영장(-0.0633),전포카페거리(-0.0789),회동수원지(-0.0888),동래온천(-0.0900),흰여울문화마을(-0.0978),초량이바구길(-0.1024),야구등대(-0.1662)
광안대교,용호만유람선(0.2133),광안대교sup(0.1889),남항대교(0.1791),황령산(0.1617),부산어촌민속관(0.1612),장산(0.1469),부산항대교(0.1200),성지곡수원지(0.1060),아홉산숲(0.0990),이기대도시자연공원(0.0846),금강공원(0.0804),UN공원(0.0791),부네치아(0.0772),사상인디스테이션(0.0698),해운대블루라인파크(0.0678),국제시장(0.0663),전포카페거리(0.0618),구덕야영장(0.0560),낙동강하구에코센터(0.0551),동아대석당박물관(0.0544),동래온천(0.0541),부산프리미엄아울렛(0.0522),오륙도스카이워크(0.0487),누리마루(0.0428),부산박물관(0.0381),보수동책방골목(0.0351),비프광장(0.0315),벡스코(0.0313),화명생태공원(0.0285),안데르센동화마을(0.0273),대저생태공원(0.0244),송도용궁구름다리(0.0189),구덕운동장(0.0130),해운대해수욕장(0.0100),용두산공원(0.0094),부전마켓타운(0.0093),흰여울문화마을(0.0091),장안사(0.0081),호천마을(0.0081),자갈치시장(0.0017),다대포꿈의낙조분수(0.0017),동래읍성(0.0014),상해거리(0.0008),을숙도(-0.0051),깡깡이예술마을(-0.0059),영화의전당(-0.0064),아미르공원(-0.0098),강서체육공원(-0.0137),범어사(-0.0172),구포시장(-0.0174),다대포해수욕장(-0.0225),태종대(-0.0236),절영해안산책로(-0.0291),국립해양박물관(-0.0326),영도대교(-0.0408),초량이바구길(-0.0446),삼락생태공원(-0.0565),더베이101(-0.0616),송상현광장(-0.0662),야구등대(-0.0689),금정산성(-0.0696),맥도생태공원(-0.0744),문화빙상센터(-0.0849),감천문화마을(-0.0883),부산치유의숲(-0.0971),아미산전망대(-0.0979),회동수원지(-0.1011),일광해수욕장(-0.1180),송도해수욕장(-0.1305),임랑해수욕장(-0.1436),서동미로시장(-0.1732),송정해수욕장(-0.1780)
광안대교sup,광안대교(0.1889),금정산성(0.1601),부산어촌민속관(0.1406),용호만유람선(0.1268),부산항대교(0.0939),영도대교(0.0859),구덕운동장(0.0829),송정해수욕장(0.0817),벡스코(0.0776),자갈치시장(0.0776),동래온천(0.0711),일광해수욕장(0.0665),전포카페거리(0.0662),국립해양박물관(0.0529),문화빙상센터(0.0528),낙동강하구에코센터(0.0483),송도용궁구름다리(0.0469),부산프리미엄아울렛(0.0430),상해거리(0.0397),장산(0.0359),구포시장(0.0325),이기대도시자연공원(0.0318),강서체육공원(0.0302),아홉산숲(0.0268),성지곡수원지(0.0237),사상인디스테이션(0.0210),구덕야영장(0.0203),다대포꿈의낙조분수(0.0171),누리마루(0.0063),맥도생태공원(0.0022),금강공원(0.0015),화명생태공원(-0.0025),대저생태공원(-0.0061),송도해수욕장(-0.0078),태종대(-0.0092),부네치아(-0.0101),임랑해수욕장(-0.0180),보수동책방골목(-0.0194),황령산(-0.0200),장안사(-0.0225),깡깡이예술마을(-0.0250),부산박물관(-0.0276),초량이바구길(-0.0282),송상현광장(-0.0283),서동미로시장(-0.0326),영화의전당(-0.0345),아미르공원(-0.0348),해운대블루라인파크(-0.0356),다대포해수욕장(-0.0386),삼락생태공원(-0.0418),비프광장(-0.0439),야구등대(-0.0470),동아대석당박물관(-0.0471),을숙도(-0.0524),감천문화마을(-0.0570),안데르센동화마을(-0.0612),회동수원지(-0.0634),부산치유의숲(-0.0647),부전마켓타운(-0.0672),아미산전망대(-0.0724),흰여울문화마을(-0.0765),동래읍성(-0.0780),UN공원(-0.0871),더베이101(-0.0878),해운대해수욕장(-0.1001),국제시장(-0.1011),범어사(-0.1012),절영해안산책로(-0.1161),오륙도스카이워크(-0.1296),남항대교(-0.1359),용두산공원(-0.1493),호천마을(-0.1495)
구덕야영장,금강공원(0.2200),부산치유의숲(0.1869),성지곡수원지(0.1643),안데르센동화마을(0.1602),부산박물관(0.1536),구덕운동장(0.1513),삼락생태공원(0.1456),부산항대교(0.1372),벡스코(0.1255),장산(0.0934),부산어촌민속관(0.0832),태종대(0.0812),비프광장(0.0807),용호만유람선(0.0788),동래온천(0.0711),낙동강하구에코센터(0.0688),광안대교(0.0560),사상인디스테이션(0.0541),구포시장(0.0482),감천문화마을(0.0456),해운대해수욕장(0.0352),송정해수욕장(0.0323),오륙도스카이워크(0.0295),자갈치시장(0.0276),부전마켓타운(0.0250),다대포꿈의낙조분수(0.0211),더베이101(0.0206),광안대교sup(0.0203),부네치아(0.0201),아홉산숲(0.0175),임랑해수욕장(0.0133),송도해수욕장(0.0131),송상현광장(0.0124),영도대교(0.0086),부산프리미엄아울렛(0.0059),아미산전망대(-0.0022),국립해양박물관(-0.0023),깡깡이예술마을(-0.0108),UN공원(-0.0113),흰여울문화마을(-0.0123),해운대블루라인파크(-0.0129),서동미로시장(-0.0148),보수동책방골목(-0.0222),야구등대(-0.0226),용두산공원(-0.0236),국제시장(-0.0242),동래읍성(-0.0244),누리마루(-0.0348),다대포해수욕장(-0.0386),일광해수욕장(-0.0419),아미르공원(-0.0420),영화의전당(-0.0425),문화빙상센터(-0.0533),황령산(-0.0538),송도용궁구름다리(-0.0558),호천마을(-0.0588),장안사(-0.0623),강서체육공원(-0.0633),남항대교(-0.0709),초량이바구길(-0.0799),을숙도(-0.0846),화명생태공원(-0.0867),전포카페거리(-0.1096),이기대도시자연공원(-0.1106),범어사(-0.1152),동아대석당박물관(-0.1163),절영해안산책로(-0.1256),금정산성(-0.1277),회동수원지(-0.1356),대저생태공원(-0.1478),맥도생태공원(-0.1602),상해거리(-0.1647)
구덕운동장,강서체육공원(0.2892),부산항대교(0.2033),태종대(0.2019),안데르센동화마을(0.1780),부산박물관(0.1775),낙동강하구에코센터(0.1595),구덕야영장(0.1513),아미산전망대(0.1388),장산(0.1372),성지곡수원지(0.1246),송도해수욕장(0.1199),다대포꿈의낙조분수(0.1179),야구등대(0.1064),해운대블루라인파크(0.1038),해운대해수욕장(0.0947),영화의전당(0.0943),아미르공원(0.0909),깡깡이예술마을(0.0901),부산어촌민속관(0.0888),송상현광장(0.0887),광안대교sup(0.0829),화명생태공원(0.0829),부산프리미엄아울렛(0.0767),구포시장(0.0743),초량이바구길(0.0738),황령산(0.0719),다대포해수욕장(0.0708),남항대교(0.0685),절영해안산책로(0.0676),회동수원지(0.0669),송도용궁구름다리(0.0633),이기대도시자연공원(0.0631),더베이101(0.0613),장안사(0.0598),사상인디스테이션(0.0559),흰여울문화마을(0.0532),맥도생태공원(0.0523),을숙도(0.0518),국립해양박물관(0.0479),누리마루(0.0394),전포카페거리(0.0386),삼락생태공원(0.0363),벡스코(0.0352),문화빙상센터(0.0350),영도대교(0.0337),금강공원(0.0283),아홉산숲(0.0267),부네치아(0.0263),감천문화마을(0.0236),송정해수욕장(0.0207),용호만유람선(0.0178),자갈치시장(0.0162),동래온천(0.0159),보수동책방골목(0.0157),임랑해수욕장(0.0138),광안대교(0.0130),부산치유의숲(0.0125),대저생태공원(0.0123),일광해수욕장(0.0099),서동미로시장(0.0071),비프광장(0.0049),부전마켓타운(-0.0203),국제시장(-0.0236),범어사(-0.0270),금정산성(-0.0287),호천마을(-0.0305),상해거리(-0.0313),오륙도스카이워크(-0.0325),동아대석당박물관(-0.0526),용두산공원(-0.0943),동래읍성(-0.1412),UN공원(-0.1819)
구포시장,부전마켓타운(0.4624),국제시장(0.3425),서동미로시장(0.2846),비프광장(0.2005),성지곡수원지(0.1495),자갈치시장(0.1307),누리마루(0.1222),흰여울문화마을(0.1089),이기대도시자연공원(0.1014),장산(0.1000),송정해수욕장(0.0848),구덕운동장(0.0743),맥도생태공원(0.0733),안데르센동화마을(0.0688),삼락생태공원(0.0672),전포카페거리(0.0637),을숙도(0.0621),다대포꿈의낙조분수(0.0582),금정산성(0.0556),강서체육공원(0.0529),오륙도스카이워크(0.0522),영화의전당(0.0489),구덕야영장(0.0482),태종대(0.0476),일광해수욕장(0.0400),문화빙상센터(0.0363),부산치유의숲(0.0326),광안대교sup(0.0325),사상인디스테이션(0.0322),상해거리(0.0300),부산프리미엄아울렛(0.0276),절영해안산책로(0.0268),임랑해수욕장(0.0237),깡깡이예술마을(0.0151),벡스코(0.0140),부산박물관(0.0134),금강공원(0.0119),초량이바구길(0.0092),야구등대(0.0067),황령산(-0.0033),해운대해수욕장(-0.0055),영도대교(-0.0059),회동수원지(-0.0105),UN공원(-0.0125),더베이101(-0.0140),광안대교(-0.0174),아홉산숲(-0.0196),화명생태공원(-0.0208),아미르공원(-0.0211),대저생태공원(-0.0274),용호만유람선(-0.0291),송도해수욕장(-0.0327),보수동책방골목(-0.0361),동아대석당박물관(-0.0384),용두산공원(-0.0409),범어사(-0.0442),낙동강하구에코센터(-0.0521),장안사(-0.0528),국립해양박물관(-0.0549),아미산전망대(-0.0594),부산항대교(-0.0620),다대포해수욕장(-0.0658),남항대교(-0.0672),동래읍성(-0.0725),부네치아(-0.0743),송도용궁구름다리(-0.0756),동래온천(-0.0886),해운대블루라인파크(-0.0973),감천문화마을(-0.1365),부산어촌민속관(-0.1527),송상현광장(-0.1887),호천마을(-0.2141)
국립해양박물관,영화의전당(0.3604),벡스코(0.3245),아미르공원(0.3018),안데르센동화마을(0.2192),맥도생태공원(0.1959),강서체육공원(0.1840),문화빙상센터(0.1819),누리마루(0.1746),흰여울문화마을(0.1514),부산어촌민속관(0.1442),낙동강하구에코센터(0.1433),을숙도(0.1397),사상인디스테이션(0.1366),UN공원(0.1285),대저생태공원(0.1183),보수동책방골목(0.1164),삼락생태공원(0.1100),송도해수욕장(0.1039),부산치유의숲(0.1025),부산프리미엄아울렛(0.1023),동래온천(0.0866),이기대도시자연공원(0.0813),금정산성(0.0757),부산항대교(0.0749),남항대교(0.0748),상해거리(0.0665),화명생태공원(0.0656),오륙도스카이워크(0.0621),서동미로시장(0.0620),절영해안산책로(0.0583),광안대교sup(0.0529),일광해수욕장(0.0500),구덕운동장(0.0479),임랑해수욕장(0.0448),부네치아(0.0333),태종대(0.0330),송도용궁구름다리(0.0311),용호만유람선(0.0212),회동수원지(0.0202),해운대해수욕장(0.0162),영도대교(0.0148),호천마을(0.0129),비프광장(0.0086),송정해수욕장(0.0046),동래읍성(0.0031),동아대석당박물관(0.0027),송상현광장(-0.0014),아홉산숲(-0.0014),자갈치시장(-0.0019),구덕야영장(-0.0023),감천문화마을(-0.0038),야구등대(-0.0055),더베이101(-0.0106),초량이바구길(-0.0139),용두산공원(-0.0203),장안사(-0.0237),다대포꿈의낙조분수(-0.0248),장산(-0.0262),성지곡수원지(-0.0299),광안대교(-0.0326),황령산(-0.0331),부산박물관(-0.0429),구포시장(-0.0549),해운대블루라인파크(-0.0710),아미산전망대(-0.0923),다대포해수욕장(-0.1127),전포카페거리(-0.1130),부전마켓타운(-0.1234),범어사(-0.1332),깡깡이예술마을(-0.1371),국제시장(-0.1898),금강공원(-0.2019)
국제시장,구포시장(0.3425),부전마켓타운(0.3061),비프광장(0.2735),보수동책방골목(0.2602),자갈치시장(0.1995),서동미로시장(0.1715),전포카페거리(0.1559),장산(0.1520),태종대(0.1399),황령산(0.1305),성지곡수원지(0.1202),오륙도스카이워크(0.0935),금강공원(0.0916),맥도생태공원(0.0715),초량이바구길(0.0691),아미산전망대(0.0682),광안대교(0.0663),회동수원지(0.0657),금정산성(0.0637),삼락생태공원(0.0616),누리마루(0.0587),범어사(0.0585),용호만유람선(0.0532),흰여울문화마을(0.0511),부산박물관(0.0454),깡깡이예술마을(0.0395),낙동강하구에코센터(0.0371),송도용궁구름다리(0.0370),부네치아(0.0321),안데르센동화마을(0.0296),다대포해수욕장(0.0267),사상인디스테이션(0.0231),더베이101(0.0161),장안사(0.0157),대저생태공원(0.0111),임랑해수욕장(0.0105),UN공원(0.0053),이기대도시자연공원(-0.0063),다대포꿈의낙조분수(-0.0065),화명생태공원(-0.0086),강서체육공원(-0.0124),남항대교(-0.0164),동아대석당박물관(-0.0169),해운대해수욕장(-0.0175),용두산공원(-0.0178),부산프리미엄아울렛(-0.0187),영도대교(-0.0194),영화의전당(-0.0201),부산어촌민속관(-0.0205),절영해안산책로(-0.0206),벡스코(-0.0213),구덕운동장(-0.0236),을숙도(-0.0238),구덕야영장(-0.0242),부산치유의숲(-0.0278),송도해수욕장(-0.0383),아미르공원(-0.0411),해운대블루라인파크(-0.0456),동래읍성(-0.0496),부산항대교(-0.0514),호천마을(-0.0562),문화빙상센터(-0.0831),아홉산숲(-0.0841),송정해수욕장(-0.0912),야구등대(-0.0916),광안대교sup(-0.1011),일광해수욕장(-0.1024),동래온천(-0.1177),감천문화마을(-0.1345),송상현광장(-0.1372),상해거리(-0.1603),국립해양박물관(-0.1898)
금강공원,장산(0.3400),범어사(0.2240),구덕야영장(0.2200),부산치유의숲(0.2134),황령산(0.1717),성지곡수원지(0.1704),태종대(0.1631),장안사(0.1601),부산박물관(0.1495),용두산공원(0.1305),아홉산숲(0.1217),해운대블루라인파크(0.1144),오륙도스카이워크(0.1126),전포카페거리(0.1073),UN공원(0.0932),화명생태공원(0.0917),국제시장(0.0916),낙동강하구에코센터(0.0914),금정산성(0.0810),광안대교(0.0804),비프광장(0.0777),호천마을(0.0763),안데르센동화마을(0.0649),강서체육공원(0.0604),용호만유람선(0.0505),영도대교(0.0486),부산어촌민속관(0.0455),벡스코(0.0426),구덕운동장(0.0283),삼락생태공원(0.0279),부산프리미엄아울렛(0.0275),동아대석당박물관(0.0201),부산항대교(0.0161),아미산전망대(0.0159),남항대교(0.0139),구포시장(0.0119),보수동책방골목(0.0098),부전마켓타운(0.0021),광안대교sup(0.0015),초량이바구길(0.0007),동래온천(-0.0033),문화빙상센터(-0.0113),부네치아(-0.0152),사상인디스테이션(-0.0168),영화의전당(-0.0191),야구등대(-0.0201),더베이101(-0.0209),이기대도시자연공원(-0.0287),송도용궁구름다리(-0.0291),해운대해수욕장(-0.0318),자갈치시장(-0.0349),송도해수욕장(-0.0419),감천문화마을(-0.0446),동래읍성(-0.0464),상해거리(-0.0503),깡깡이예술마을(-0.0525),서동미로시장(-0.0532),대저생태공원(-0.0559),맥도생태공원(-0.0718),임랑해수욕장(-0.0735),일광해수욕장(-0.0798),흰여울문화마을(-0.0868),아미르공원(-0.0934),송상현광장(-0.0959),절영해안산책로(-0.1002),누리마루(-0.1078),송정해수욕장(-0.1079),다대포꿈의낙조분수(-0.1409),회동수원지(-0.1485),다대포해수욕장(-0.1721),국립해양박물관(-0.2019),을숙도(-0.2060)
금정산성,장산(0.3448),황령산(0.3135),동래읍성(0.1745),대저생태공원(0.1663),광안대교sup(0.1601),영도대교(0.1568),문화빙상센터(0.1305),임랑해수욕장(0.1290),일광해수욕장(0.1250),서동미로시장(0.1228),부산어촌민속관(0.1206),낙동강하구에코센터(0.1192),벡스코(0.1139),자갈치시장(0.1109),야구등대(0.1031),맥도생태공원(0.0987),동래온천(0.0953),태종대(0.0938),오륙도스카이워크(0.0930),상해거리(0.0859),금강공원(0.0810),용호만유람선(0.0809),장안사(0.0785),아홉산숲(0.0765),흰여울문화마을(0.0760),국립해양박물관(0.0757),국제시장(0.0637),구포시장(0.0556),안데르센동화마을(0.0540),부산항대교(0.0516),다대포해수욕장(0.0504),아미산전망대(0.0498),사상인디스테이션(0.0489),비프광장(0.0433),범어사(0.0425),을숙도(0.0421),강서체육공원(0.0405),호천마을(0.0339),이기대도시자연공원(0.0322),전포카페거리(0.0310),더베이101(0.0226),송도해수욕장(0.0222),누리마루(0.0207),절영해안산책로(0.0180),부산박물관(0.0154),감천문화마을(0.0143),부산프리미엄아울렛(0.0110),성지곡수원지(0.0085),영화의전당(0.0006),다대포꿈의낙조분수(0.0004),해운대블루라인파크(-0.0064),회동수원지(-0.0121),깡깡이예술마을(-0.0133),초량이바구길(-0.0220),송도용궁구름다리(-0.0221),구덕운동장(-0.0287),부전마켓타운(-0.0419),남항대교(-0.0441),부산치유의숲(-0.0451),동아대석당박물관(-0.0466),부네치아(-0.0472),화명생태공원(-0.0551),광안대교(-0.0696),삼락생태공원(-0.0817),송정해수욕장(-0.0899),해운대해수욕장(-0.0948),보수동책방골목(-0.0987),용두산공원(-0.0998),UN공원(-0.1176),구덕야영장(-0.1277),아미르공원(-0.1301),송상현광장(-0.1303)
깡깡이예술마을,사상인디스테이션(0.3133),화명생태공원(0.1941),전포카페거리(0.1912),보수동책방골목(0.1655),초량이바구길(0.1639),용호만유람선(0.1613),감천문화마을(0.1577),안데르센동화마을(0.1315),야구등대(0.1309),부산어촌민속관(0.1190),구덕운동장(0.0901),성지곡수원지(0.0884),부네치아(0.0881),벡스코(0.0863),서동미로시장(0.0846),영화의전당(0.0834),자갈치시장(0.0744),부산박물관(0.0723),해운대블루라인파크(0.0719),흰여울문화마을(0.0653),동아대석당박물관(0.0629),대저생태공원(0.0568),아미산전망대(0.0520),용두산공원(0.0510),국제시장(0.0395),장안사(0.0387),영도대교(0.0382),아홉산숲(0.0363),절영해안산책로(0.0328),을숙도(0.0328),부전마켓타운(0.0262),오륙도스카이워크(0.0233),회동수원지(0.0164),아미르공원(0.0155),구포시장(0.0151),부산프리미엄아울렛(0.0133),부산치유의숲(0.0107),송도용궁구름다리(0.0078),일광해수욕장(0.0070),송상현광장(0.0049),다대포꿈의낙조분수(-0.0056),광안대교(-0.0059),태종대(-0.0068),맥도생태공원(-0.0090),구덕야영장(-0.0108),삼락생태공원(-0.0117),비프광장(-0.0125),금정산성(-0.0133),송도해수욕장(-0.0183),UN공원(-0.0188),임랑해수욕장(-0.0194),다대포해수욕장(-0.0232),광안대교sup(-0.0250),이기대도시자연공원(-0.0261),동래온천(-0.0286),부산항대교(-0.0315),해운대해수욕장(-0.0322),상해거리(-0.0349),황령산(-0.0422),더베이101(-0.0515),금강공원(-0.0525),장산(-0.0548),강서체육공원(-0.0599),낙동강하구에코센터(-0.0642),송정해수욕장(-0.0683),남항대교(-0.0777),호천마을(-0.0876),문화빙상센터(-0.1000),국립해양박물관(-0.1371),동래읍성(-0.1455),누리마루(-0.1621),범어사(-0.1649)
낙동강하구에코센터,을숙도(0.3256),부산박물관(0.2696),아미산전망대(0.2667),안데르센동화마을(0.2075),부산어촌민속관(0.1966),태종대(0.1810),벡스코(0.1768),화명생태공원(0.1743),자갈치시장(0.1681),장안사(0.1606),누리마루(0.1604),구덕운동장(0.1595),UN공원(0.1509),야구등대(0.1495),국립해양박물관(0.1433),문화빙상센터(0.1413),동아대석당박물관(0.1357),오륙도스카이워크(0.1308),일광해수욕장(0.1286),황령산(0.1267),범어사(0.1250),송도용궁구름다리(0.1202),금정산성(0.1192),장산(0.1122),맥도생태공원(0.1065),호천마을(0.1038),아홉산숲(0.0983),성지곡수원지(0.0955),금강공원(0.0914),삼락생태공원(0.0908),이기대도시자연공원(0.0896),용두산공원(0.0893),부산항대교(0.0884),용호만유람선(0.0849),회동수원지(0.0770),절영해안산책로(0.0764),다대포해수욕장(0.0762),구덕야영장(0.0688),부전마켓타운(0.0679),전포카페거리(0.0663),대저생태공원(0.0656),부산치유의숲(0.0638),다대포꿈의낙조분수(0.0624),임랑해수욕장(0.0557),영화의전당(0.0555),광안대교(0.0551),동래온천(0.0507),광안대교sup(0.0483),국제시장(0.0371),동래읍성(0.0325),강서체육공원(0.0308),더베이101(0.0221),감천문화마을(0.0207),송정해수욕장(0.0197),부산프리미엄아울렛(0.0187),흰여울문화마을(0.0183),송도해수욕장(0.0094),영도대교(0.0041),보수동책방골목(0.0020),초량이바구길(0.0018),해운대블루라인파크(-0.0016),서동미로시장(-0.0057),부네치아(-0.0075),사상인디스테이션(-0.0124),남항대교(-0.0125),아미르공원(-0.0319),송상현광장(-0.0347),구포시장(-0.0521),상해거리(-0.0600),비프광장(-0.0606),깡깡이예술마을(-0.0642),해운대해수욕장(-0.0654)
남항대교,절영해안산책로(0.2914),송도해수욕장(0.2477),흰여울문화마을(0.2360),부산항대교(0.1826),광안대교(0.1791),범어사(0.1445),오륙도스카이워크(0.1355),부전마켓타운(0.1212),호천마을(0.1198),부산박물관(0.1191),해운대블루라인파크(0.1086),장산(0.0810),국립해양박물관(0.0748),맥도생태공원(0.0709),구덕운동장(0.0685),감천문화마을(0.0675),영도대교(0.0597),강서체육공원(0.0581),태종대(0.0492),야구등대(0.0486),화명생태공원(0.0439),해운대해수욕장(0.0397),대저생태공원(0.0393),동아대석당박물관(0.0322),자갈치시장(0.0263),회동수원지(0.0262),장안사(0.0222),일광해수욕장(0.0184),금강공원(0.0139),동래읍성(0.0122),부네치아(0.0122),상해거리(0.0066),용호만유람선(0.0034),사상인디스테이션(0.0002),초량이바구길(-0.0048),문화빙상센터(-0.0075),황령산(-0.0117),낙동강하구에코센터(-0.0125),부산어촌민속관(-0.0153),송상현광장(-0.0161),국제시장(-0.0164),더베이101(-0.0228),용두산공원(-0.0323),금정산성(-0.0441),비프광장(-0.0515),성지곡수원지(-0.0527),아미르공원(-0.0532),삼락생태공원(-0.0561),안데르센동화마을(-0.0582),부산치유의숲(-0.0631),전포카페거리(-0.0641),동래온천(-0.0644),영화의전당(-0.0645),부산프리미엄아울렛(-0.0653),아홉산숲(-0.0655),구포시장(-0.0672),아미산전망대(-0.0685),구덕야영장(-0.0709),보수동책방골목(-0.0725),벡스코(-0.0754),UN공원(-0.0770),깡깡이예술마을(-0.0777),을숙도(-0.0781),임랑해수욕장(-0.0871),다대포꿈의낙조분수(-0.0930),이기대도시자연공원(-0.1013),송정해수욕장(-0.1052),서동미로시장(-0.1189),누리마루(-0.1229),다대포해수욕장(-0.1303),광안대교sup(-0.1359),송도용궁구름다리(-0.1636)
누리마루,사상인디스테이션(0.4244),이기대도시자연공원(0.2379),국립해양박물관(0.1746),낙동강하구에코센터(0.1604),동래온천(0.1555),태종대(0.1497),흰여울문화마을(0.1481),서동미로시장(0.1308),안데르센동화마을(0.1249),구포시장(0.1222),아미르공원(0.1155),삼락생태공원(0.1138),동아대석당박물관(0.1133),야구등대(0.1007),더베이101(0.0906),아미산전망대(0.0881),UN공원(0.0848),절영해안산책로(0.0840),장안사(0.0816),강서체육공원(0.0815),다대포해수욕장(0.0803),대저생태공원(0.0792),맥도생태공원(0.0755),범어사(0.0743),해운대해수욕장(0.0710),전포카페거리(0.0701),부산항대교(0.0681),부산어촌민속관(0.0680),국제시장(0.0587),임랑해수욕장(0.0580),문화빙상센터(0.0570),벡스코(0.0487),광안대교(0.0428),구덕운동장(0.0394),송도해수욕장(0.0380),다대포꿈의낙조분수(0.0346),송도용궁구름다리(0.0329),부전마켓타운(0.0308),회동수원지(0.0274),금정산성(0.0207),을숙도(0.0154),용호만유람선(0.0120),용두산공원(0.0090),광안대교sup(0.0063),동래읍성(0.0020),송정해수욕장(-0.0022),초량이바구길(-0.0055),송상현광장(-0.0108),아홉산숲(-0.0145),보수동책방골목(-0.0178),영화의전당(-0.0205),자갈치시장(-0.0224),해운대블루라인파크(-0.0314),구덕야영장(-0.0348),비프광장(-0.0372),상해거리(-0.0377),부산프리미엄아울렛(-0.0483),부산박물관(-0.0527),감천문화마을(-0.0634),성지곡수원지(-0.0777),화명생태공원(-0.0778),황령산(-0.0970),금강공원(-0.1078),장산(-0.1093),호천마을(-0.1103),부네치아(-0.1119),오륙도스카이워크(-0.1146),영도대교(-0.1194),남항대교(-0.1229),부산치유의숲(-0.1373),일광해수욕장(-0.1527),깡깡이예술마을(-0.1621)
다대포꿈의낙조분수,동래온천(0.1261),송상현광장(0.1251),구덕운동장(0.1179),흰여울문화마을(0.1145),부산프리미엄아울렛(0.1088),오륙도스카이워크(0.0967),부네치아(0.0892),부전마켓타운(0.0887),사상인디스테이션(0.0883),야구등대(0.0828),낙동강하구에코센터(0.0624),구포시장(0.0582),감천문화마을(0.0537),맥도생태공원(0.0524),부산항대교(0.0514),대저생태공원(0.0483),화명생태공원(0.0435),전포카페거리(0.0395),동아대석당박물관(0.0392),누리마루(0.0346),송도해수욕장(0.0298),절영해안산책로(0.0294),부산박물관(0.0289),송정해수욕장(0.0276),아미르공원(0.0238),더베이101(0.0234),구덕야영장(0.0211),아미산전망대(0.0209),해운대블루라인파크(0.0208),동래읍성(0.0205),장산(0.0199),송도용궁구름다리(0.0185),광안대교sup(0.0171),장안사(0.0167),성지곡수원지(0.0144),강서체육공원(0.0116),UN공원(0.0062),광안대교(0.0017),용두산공원(0.0011),서동미로시장(0.0010),금정산성(0.0004),다대포해수욕장(-0.0017),보수동책방골목(-0.0050),회동수원지(-0.0051),깡깡이예술마을(-0.0056),국제시장(-0.0065),부산치유의숲(-0.0094),호천마을(-0.0168),일광해수욕장(-0.0223),해운대해수욕장(-0.0235),안데르센동화마을(-0.0242),임랑해수욕장(-0.0246),국립해양박물관(-0.0248),비프광장(-0.0291),영도대교(-0.0293),아홉산숲(-0.0297),상해거리(-0.0310),이기대도시자연공원(-0.0362),자갈치시장(-0.0445),을숙도(-0.0502),범어사(-0.0525),영화의전당(-0.0586),태종대(-0.0622),부산어촌민속관(-0.0675),용호만유람선(-0.0721),문화빙상센터(-0.0735),황령산(-0.0816),삼락생태공원(-0.0842),벡스코(-0.0915),남항대교(-0.0930),초량이바구길(-0.0986),금강공원(-0.1409)
다대포해수욕장,아미산전망대(0.4576),해운대해수욕장(0.3229),송도해수욕장(0.2370),사상인디스테이션(0.1794),송정해수욕장(0.1656),임랑해수욕장(0.1391),오륙도스카이워크(0.1312),태종대(0.1023),더베이101(0.0968),누리마루(0.0803),대저생태공원(0.0778),낙동강하구에코센터(0.0762),장산(0.0754),회동수원지(0.0750),장안사(0.0738),강서체육공원(0.0734),구덕운동장(0.0708),을숙도(0.0666),삼락생태공원(0.0643),동아대석당박물관(0.0564),벡스코(0.0540),금정산성(0.0504),서동미로시장(0.0470),안데르센동화마을(0.0404),송상현광장(0.0384),황령산(0.0363),전포카페거리(0.0298),아홉산숲(0.0271),국제시장(0.0267),보수동책방골목(0.0160),범어사(0.0158),비프광장(0.0151),부산어촌민속관(0.0148),야구등대(0.0091),상해거리(0.0091),일광해수욕장(0.0002),다대포꿈의낙조분수(-0.0017),부네치아(-0.0063),영도대교(-0.0113),부산박물관(-0.0167),광안대교(-0.0225),깡깡이예술마을(-0.0232),동래읍성(-0.0237),성지곡수원지(-0.0287),흰여울문화마을(-0.0344),이기대도시자연공원(-0.0350),광안대교sup(-0.0386),구덕야영장(-0.0386),자갈치시장(-0.0404),화명생태공원(-0.0426),부산치유의숲(-0.0447),아미르공원(-0.0465),해운대블루라인파크(-0.0482),영화의전당(-0.0592),송도용궁구름다리(-0.0594),구포시장(-0.0658),초량이바구길(-0.0668),감천문화마을(-0.0703),용호만유람선(-0.0712),문화빙상센터(-0.0812),맥도생태공원(-0.0828),호천마을(-0.0963),부산항대교(-0.0991),용두산공원(-0.1041),국립해양박물관(-0.1127),동래온천(-0.1216),부전마켓타운(-0.1276),남항대교(-0.1303),절영해안산책로(-0.1483),부산프리미엄아울렛(-0.1494),금강공원(-0.1721),UN공원(-0.2313)
대저생태공원,화명생태공원(0.2833),사상인디스테이션(0.2312),감천문화마을(0.2181),아홉산숲(0.1720),금정산성(0.1663),삼락생태공원(0.1628),을숙도(0.1603),오륙도스카이워크(0.1442),맥도생태공원(0.1433),부산프리미엄아울렛(0.1305),벡스코(0.1279),안데르센동화마을(0.1258),태종대(0.1240),더베이101(0.1206),강서체육공원(0.1195),국립해양박물관(0.1183),부네치아(0.1155),부산어촌민속관(0.1136),동래읍성(0.1131),동래온천(0.1114),동아대석당박물관(0.1106),비프광장(0.1085),흰여울문화마을(0.0984),해운대블루라인파크(0.0949),호천마을(0.0883),장안사(0.0839),송상현광장(0.0797),누리마루(0.0792),서동미로시장(0.0790),다대포해수욕장(0.0778),절영해안산책로(0.0704),낙동강하구에코센터(0.0656),부산항대교(0.0638),부산박물관(0.0629),깡깡이예술마을(0.0568),부전마켓타운(0.0520),해운대해수욕장(0.0494),다대포꿈의낙조분수(0.0483),아미르공원(0.0483),전포카페거리(0.0435),상해거리(0.0418),남항대교(0.0393),자갈치시장(0.0370),일광해수욕장(0.0319),영도대교(0.0313),임랑해수욕장(0.0310),초량이바구길(0.0307),광안대교(0.0244),보수동책방골목(0.0213),문화빙상센터(0.0204),송도해수욕장(0.0191),구덕운동장(0.0123),국제시장(0.0111),송정해수욕장(0.0084),이기대도시자연공원(0.0077),황령산(0.0044),회동수원지(0.0039),범어사(-0.0032),야구등대(-0.0050),광안대교sup(-0.0061),용호만유람선(-0.0078),용두산공원(-0.0247),구포시장(-0.0274),영화의전당(-0.0296),부산치유의숲(-0.0329),송도용궁구름다리(-0.0486),금강공원(-0.0559),장산(-0.0836),아미산전망대(-0.1075),성지곡수원지(-0.1158),구덕야영장(-0.1478),UN공원(-0.1631)
더베이101,해운대해수욕장(0.2001),안데르센동화마을(0.1870),태종대(0.1669),부산박물관(0.1538),용호만유람선(0.1493),성지곡수원지(0.1354),부산어촌민속관(0.1290),사상인디스테이션(0.1209),대저생태공원(0.1206),화명생태공원(0.1123),임랑해수욕장(0.1070),다대포해수욕장(0.0968),누리마루(0.0906),벡스코(0.0877),서동미로시장(0.0850),부네치아(0.0792),호천마을(0.0788),아미르공원(0.0747),부산치유의숲(0.0711),장산(0.0622),구덕운동장(0.0613),황령산(0.0601),감천문화마을(0.0574),이기대도시자연공원(0.0527),부전마켓타운(0.0504),삼락생태공원(0.0502),아미산전망대(0.0490),절영해안산책로(0.0399),흰여울문화마을(0.0398),송도용궁구름다리(0.0377),다대포꿈의낙조분수(0.0234),금정산성(0.0226),낙동강하구에코센터(0.0221),구덕야영장(0.0206),비프광장(0.0185),영화의전당(0.0164),국제시장(0.0161),범어사(0.0157),송정해수욕장(0.0113),오륙도스카이워크(0.0095),부산프리미엄아울렛(0.0073),송도해수욕장(0.0072),장안사(0.0063),동래온천(0.0059),문화빙상센터(0.0048),전포카페거리(-0.0000),회동수원지(-0.0013),맥도생태공원(-0.0084),국립해양박물관(-0.0106),영도대교(-0.0121),강서체육공원(-0.0136),구포시장(-0.0140),상해거리(-0.0150),금강공원(-0.0209),송상현광장(-0.0226),남항대교(-0.0228),아홉산숲(-0.0239),해운대블루라인파크(-0.0336),초량이바구길(-0.0415),자갈치시장(-0.0477),을숙도(-0.0488),UN공원(-0.0514),깡깡이예술마을(-0.0515),동래읍성(-0.0524),광안대교(-0.0616),야구등대(-0.0658),일광해수욕장(-0.0811),광안대교sup(-0.0878),동아대석당박물관(-0.0920),부산항대교(-0.1002),용두산공원(-0.1171),보수동책방골목(-0.1654)
동래온천,부산프리미엄아울렛(0.2521),부산항대교(0.1593),누리마루(0.1555),안데르센동화마을(0.1531),다대포꿈의낙조분수(0.1261),전포카페거리(0.1213),대저생태공원(0.1114),성지곡수원지(0.1100),금정산성(0.0953),해운대블루라인파크(0.0921),송상현광장(0.0891),국립해양박물관(0.0866),흰여울문화마을(0.0835),아미르공원(0.0742),광안대교sup(0.0711),구덕야영장(0.0711),태종대(0.0671),광안대교(0.0541),임랑해수욕장(0.0514),낙동강하구에코센터(0.0507),송도용궁구름다리(0.0343),송정해수욕장(0.0316),문화빙상센터(0.0301),부전마켓타운(0.0279),삼락생태공원(0.0210),UN공원(0.0203),구덕운동장(0.0159),동아대석당박물관(0.0149),송도해수욕장(0.0097),더베이101(0.0059),사상인디스테이션(0.0005),금강공원(-0.0033),장산(-0.0036),비프광장(-0.0044),절영해안산책로(-0.0076),일광해수욕장(-0.0087),야구등대(-0.0091),영도대교(-0.0112),서동미로시장(-0.0112),상해거리(-0.0144),영화의전당(-0.0158),맥도생태공원(-0.0269),깡깡이예술마을(-0.0286),자갈치시장(-0.0335),장안사(-0.0399),부산어촌민속관(-0.0409),오륙도스카이워크(-0.0426),부네치아(-0.0461),화명생태공원(-0.0464),동래읍성(-0.0479),호천마을(-0.0514),용두산공원(-0.0544),회동수원지(-0.0601),아미산전망대(-0.0627),용호만유람선(-0.0642),남항대교(-0.0644),아홉산숲(-0.0677),해운대해수욕장(-0.0771),벡스코(-0.0794),부산박물관(-0.0868),황령산(-0.0873),구포시장(-0.0886),강서체육공원(-0.0900),부산치유의숲(-0.0991),을숙도(-0.1001),감천문화마을(-0.1044),보수동책방골목(-0.1064),범어사(-0.1084),국제시장(-0.1177),다대포해수욕장(-0.1216),이기대도시자연공원(-0.1448),초량이바구길(-0.1516)
동래읍성,장안사(0.1922),장산(0.1779),금정산성(0.1745),황령산(0.1714),감천문화마을(0.1567),호천마을(0.1263),UN공원(0.1226),상해거리(0.1178),흰여울문화마을(0.1176),오륙도스카이워크(0.1162),대저생태공원(0.1131),용두산공원(0.1102),범어사(0.0967),강서체육공원(0.0803),부전마켓타운(0.0602),안데르센동화마을(0.0546),절영해안산책로(0.0465),부산어촌민속관(0.0448),낙동강하구에코센터(0.0325),동아대석당박물관(0.0264),다대포꿈의낙조분수(0.0205),남항대교(0.0122),보수동책방골목(0.0053),삼락생태공원(0.0047),해운대블루라인파크(0.0038),국립해양박물관(0.0031),누리마루(0.0020),송도용궁구름다리(0.0019),광안대교(0.0014),영도대교(-0.0006),아미르공원(-0.0022),아홉산숲(-0.0032),성지곡수원지(-0.0068),서동미로시장(-0.0071),송상현광장(-0.0089),아미산전망대(-0.0107),초량이바구길(-0.0107),영화의전당(-0.0123),을숙도(-0.0132),회동수원지(-0.0185),다대포해수욕장(-0.0237),구덕야영장(-0.0244),사상인디스테이션(-0.0327),부산박물관(-0.0333),태종대(-0.0355),자갈치시장(-0.0362),야구등대(-0.0400),금강공원(-0.0464),동래온천(-0.0479),국제시장(-0.0496),더베이101(-0.0524),용호만유람선(-0.0566),맥도생태공원(-0.0659),송정해수욕장(-0.0665),부산치유의숲(-0.0693),송도해수욕장(-0.0712),구포시장(-0.0725),광안대교sup(-0.0780),이기대도시자연공원(-0.0781),문화빙상센터(-0.0820),부산프리미엄아울렛(-0.0849),해운대해수욕장(-0.0977),부네치아(-0.1022),화명생태공원(-0.1123),전포카페거리(-0.1134),비프광장(-0.1232),벡스코(-0.1381),구덕운동장(-0.1412),일광해수욕장(-0.1430),깡깡이예술마을(-0.1455),임랑해수욕장(-0.1556),부산항대교(-0.2318)
동아대석당박물관,부산어촌민속관(0.2198),사상인디스테이션(0.1478),낙동강하구에코센터(0.1357),벡스코(0.1322),부산박물관(0.1139),누리마루(0.1133),대저생태공원(0.1106),오륙도스카이워크(0.1046),야구등대(0.1010),해운대블루라인파크(0.0962),전포카페거리(0.0961),을숙도(0.0957),UN공원(0.0908),태종대(0.0866),범어사(0.0834),비프광장(0.0774),회동수원지(0.0738),부산프리미엄아울렛(0.0666),안데르센동화마을(0.0634),깡깡이예술마을(0.0629),송상현광장(0.0590),다대포해수욕장(0.0564),광안대교(0.0544),장안사(0.0452),강서체육공원(0.0451),다대포꿈의낙조분수(0.0392),문화빙상센터(0.0386),남항대교(0.0322),부네치아(0.0290),서동미로시장(0.0281),송도해수욕장(0.0264),동래읍성(0.0264),부산치유의숲(0.0239),용두산공원(0.0226),금강공원(0.0201),아미산전망대(0.0194),임랑해수욕장(0.0171),동래온천(0.0149),상해거리(0.0132),송정해수욕장(0.0096),초량이바구길(0.0031),국립해양박물관(0.0027),해운대해수욕장(0.0012),보수동책방골목(-0.0015),장산(-0.0015),아홉산숲(-0.0033),부산항대교(-0.0049),용호만유람선(-0.0054),아미르공원(-0.0080),영도대교(-0.0095),성지곡수원지(-0.0104),국제시장(-0.0169),일광해수욕장(-0.0204),영화의전당(-0.0271),부전마켓타운(-0.0322),구포시장(-0.0384),금정산성(-0.0466),화명생태공원(-0.0468),광안대교sup(-0.0471),호천마을(-0.0487),구덕운동장(-0.0526),맥도생태공원(-0.0575),흰여울문화마을(-0.0656),절영해안산책로(-0.0685),삼락생태공원(-0.0699),송도용궁구름다리(-0.0764),이기대도시자연공원(-0.0791),자갈치시장(-0.0810),황령산(-0.0853),더베이101(-0.0920),감천문화마을(-0.1106),구덕야영장(-0.1163)
맥도생태공원,삼락생태공원(0.5003),을숙도(0.3497),국립해양박물관(0.1959),흰여울문화마을(0.1705),화명생태공원(0.1659),대저생태공원(0.1433),아미르공원(0.1381),호천마을(0.1208),낙동강하구에코센터(0.1065),금정산성(0.0987),상해거리(0.0898),태종대(0.0873),서동미로시장(0.0769),누리마루(0.0755),구포시장(0.0733),국제시장(0.0715),감천문화마을(0.0714),남항대교(0.0709),야구등대(0.0674),부전마켓타운(0.0618),사상인디스테이션(0.0576),다대포꿈의낙조분수(0.0524),구덕운동장(0.0523),회동수원지(0.0499),부네치아(0.0485),오륙도스카이워크(0.0435),비프광장(0.0418),장산(0.0314),부산항대교(0.0290),송도용궁구름다리(0.0238),송상현광장(0.0116),전포카페거리(0.0099),용호만유람선(0.0084),벡스코(0.0063),광안대교sup(0.0022),문화빙상센터(-0.0047),강서체육공원(-0.0056),더베이101(-0.0084),깡깡이예술마을(-0.0090),황령산(-0.0093),보수동책방골목(-0.0093),절영해안산책로(-0.0116),부산어촌민속관(-0.0128),영도대교(-0.0209),초량이바구길(-0.0254),동래온천(-0.0269),임랑해수욕장(-0.0270),성지곡수원지(-0.0277),해운대블루라인파크(-0.0364),용두산공원(-0.0382),이기대도시자연공원(-0.0391),자갈치시장(-0.0462),장안사(-0.0464),송도해수욕장(-0.0540),UN공원(-0.0570),동아대석당박물관(-0.0575),범어사(-0.0643),동래읍성(-0.0659),아미산전망대(-0.0692),금강공원(-0.0718),안데르센동화마을(-0.0725),광안대교(-0.0744),부산프리미엄아울렛(-0.0806),다대포해수욕장(-0.0828),부산박물관(-0.0905),영화의전당(-0.1220),일광해수욕장(-0.1326),아홉산숲(-0.1394),구덕야영장(-0.1602),송정해수욕장(-0.1624),해운대해수욕장(-0.1919),부산치유의숲(-0.2809)
문화빙상센터,벡스코(0.2369),국립해양박물관(0.1819),낙동강하구에코센터(0.1413),금정산성(0.1305),사상인디스테이션(0.1236),부산어촌민속관(0.1224),태종대(0.1181),오륙도스카이워크(0.1164),부산프리미엄아울렛(0.1023),장산(0.0959),성지곡수원지(0.0936),아미르공원(0.0845),이기대도시자연공원(0.0671),해운대블루라인파크(0.0613),화명생태공원(0.0590),누리마루(0.0570),부산박물관(0.0534),강서체육공원(0.0533),광안대교sup(0.0528),용호만유람선(0.0483),안데르센동화마을(0.0416),송상현광장(0.0401),부네치아(0.0400),동아대석당박물관(0.0386),구포시장(0.0363),구덕운동장(0.0350),삼락생태공원(0.0307),동래온천(0.0301),회동수원지(0.0297),자갈치시장(0.0291),흰여울문화마을(0.0271),송도용궁구름다리(0.0239),대저생태공원(0.0204),영화의전당(0.0181),호천마을(0.0158),용두산공원(0.0146),영도대교(0.0136),더베이101(0.0048),송도해수욕장(0.0024),일광해수욕장(0.0003),상해거리(-0.0031),맥도생태공원(-0.0047),남항대교(-0.0075),UN공원(-0.0082),부산치유의숲(-0.0091),범어사(-0.0107),금강공원(-0.0113),서동미로시장(-0.0130),초량이바구길(-0.0169),아홉산숲(-0.0185),감천문화마을(-0.0216),을숙도(-0.0229),해운대해수욕장(-0.0230),부전마켓타운(-0.0245),황령산(-0.0347),절영해안산책로(-0.0417),야구등대(-0.0430),보수동책방골목(-0.0434),구덕야영장(-0.0533),비프광장(-0.0660),전포카페거리(-0.0698),다대포꿈의낙조분수(-0.0735),임랑해수욕장(-0.0739),아미산전망대(-0.0755),다대포해수욕장(-0.0812),동래읍성(-0.0820),국제시장(-0.0831),광안대교(-0.0849),부산항대교(-0.0933),깡깡이예술마을(-0.1000),송정해수욕장(-0.1001),장안사(-0.1125)
범어사,장안사(0.5371),금강공원(0.2240),태종대(0.1690),남항대교(0.1445),성지곡수원지(0.1425),상해거리(0.1327),낙동강하구에코센터(0.1250),안데르센동화마을(0.1071),강서체육공원(0.1021),동래읍성(0.0967),장산(0.0937),동아대석당박물관(0.0834),아홉산숲(0.0770),누리마루(0.0743),해운대해수욕장(0.0715),용두산공원(0.0602),부전마켓타운(0.0602),국제시장(0.0585),해운대블루라인파크(0.0561),회동수원지(0.0536),부산어촌민속관(0.0477),금정산성(0.0425),흰여울문화마을(0.0395),호천마을(0.0352),송도해수욕장(0.0315),송정해수욕장(0.0224),사상인디스테이션(0.0211),아미산전망대(0.0196),절영해안산책로(0.0194),다대포해수욕장(0.0158),더베이101(0.0157),부산박물관(0.0130),송도용궁구름다리(0.0122),부산치유의숲(0.0022),삼락생태공원(-0.0015),대저생태공원(-0.0032),벡스코(-0.0091),문화빙상센터(-0.0107),을숙도(-0.0134),초량이바구길(-0.0140),광안대교(-0.0172),오륙도스카이워크(-0.0173),감천문화마을(-0.0205),일광해수욕장(-0.0241),구덕운동장(-0.0270),임랑해수욕장(-0.0276),서동미로시장(-0.0354),용호만유람선(-0.0356),부네치아(-0.0406),구포시장(-0.0442),아미르공원(-0.0458),보수동책방골목(-0.0493),UN공원(-0.0517),다대포꿈의낙조분수(-0.0525),맥도생태공원(-0.0643),전포카페거리(-0.0649),황령산(-0.0762),야구등대(-0.0766),이기대도시자연공원(-0.0847),비프광장(-0.0994),광안대교sup(-0.1012),동래온천(-0.1084),화명생태공원(-0.1088),구덕야영장(-0.1152),부산항대교(-0.1191),영화의전당(-0.1226),영도대교(-0.1228),국립해양박물관(-0.1332),자갈치시장(-0.1462),송상현광장(-0.1568),깡깡이예술마을(-0.1649),부산프리미엄아울렛(-0.1659)
벡스코,부산어촌민속관(0.4756),국립해양박물관(0.3245),문화빙상센터(0.2369),영화의전당(0.2155),낙동강하구에코센터(0.1768),부산박물관(0.1698),자갈치시장(0.1683),장산(0.1639),야구등대(0.1621),용호만유람선(0.1581),강서체육공원(0.1478),동아대석당박물관(0.1322),대저생태공원(0.1279),구덕야영장(0.1255),화명생태공원(0.1249),부산치유의숲(0.1247),오륙도스카이워크(0.1180),사상인디스테이션(0.1172),금정산성(0.1139),안데르센동화마을(0.1081),아미르공원(0.0964),비프광장(0.0923),해운대해수욕장(0.0893),용두산공원(0.0883),태종대(0.0882),더베이101(0.0877),깡깡이예술마을(0.0863),성지곡수원지(0.0859),아홉산숲(0.0777),광안대교sup(0.0776),삼락생태공원(0.0599),을숙도(0.0556),서동미로시장(0.0551),다대포해수욕장(0.0540),상해거리(0.0527),영도대교(0.0526),호천마을(0.0515),송상현광장(0.0513),누리마루(0.0487),금강공원(0.0426),아미산전망대(0.0390),구덕운동장(0.0352),감천문화마을(0.0330),UN공원(0.0327),광안대교(0.0313),해운대블루라인파크(0.0204),구포시장(0.0140),부산프리미엄아울렛(0.0132),회동수원지(0.0117),일광해수욕장(0.0112),부산항대교(0.0099),보수동책방골목(0.0078),맥도생태공원(0.0063),송도용궁구름다리(0.0025),송도해수욕장(-0.0071),황령산(-0.0088),범어사(-0.0091),초량이바구길(-0.0132),이기대도시자연공원(-0.0188),부전마켓타운(-0.0196),국제시장(-0.0213),전포카페거리(-0.0557),흰여울문화마을(-0.0674),절영해안산책로(-0.0701),남항대교(-0.0754),장안사(-0.0783),동래온천(-0.0794),다대포꿈의낙조분수(-0.0915),송정해수욕장(-0.1275),동래읍성(-0.1381),부네치아(-0.1466),임랑해수욕장(-0.1504)
보수동책방골목,국제시장(0.2602),전포카페거리(0.2598),사상인디스테이션(0.2049),흰여울문화마을(0.1817),초량이바구길(0.1733),깡깡이예술마을(0.1655),국립해양박물관(0.1164),이기대도시자연공원(0.0984),해운대블루라인파크(0.0873),송도용궁구름다리(0.0868),성지곡수원지(0.0818),오륙도스카이워크(0.0688),태종대(0.0669),회동수원지(0.0655),서동미로시장(0.0651),UN공원(0.0618),장안사(0.0472),삼락생태공원(0.0428),야구등대(0.0417),비프광장(0.0382),안데르센동화마을(0.0363),광안대교(0.0351),일광해수욕장(0.0258),아미르공원(0.0214),대저생태공원(0.0213),황령산(0.0212),다대포해수욕장(0.0160),구덕운동장(0.0157),부네치아(0.0149),아홉산숲(0.0132),호천마을(0.0131),금강공원(0.0098),자갈치시장(0.0098),벡스코(0.0078),절영해안산책로(0.0055),동래읍성(0.0053),낙동강하구에코센터(0.0020),동아대석당박물관(-0.0015),영화의전당(-0.0041),다대포꿈의낙조분수(-0.0050),부산치유의숲(-0.0073),맥도생태공원(-0.0093),장산(-0.0134),강서체육공원(-0.0168),누리마루(-0.0178),광안대교sup(-0.0194),구덕야영장(-0.0222),부산박물관(-0.0223),아미산전망대(-0.0249),송정해수욕장(-0.0266),부산어촌민속관(-0.0343),구포시장(-0.0361),용두산공원(-0.0405),문화빙상센터(-0.0434),부산항대교(-0.0442),을숙도(-0.0472),범어사(-0.0493),용호만유람선(-0.0552),해운대해수욕장(-0.0567),영도대교(-0.0602),감천문화마을(-0.0714),남항대교(-0.0725),부산프리미엄아울렛(-0.0747),송도해수욕장(-0.0755),상해거리(-0.0814),송상현광장(-0.0848),임랑해수욕장(-0.0901),금정산성(-0.0987),동래온천(-0.1064),부전마켓타운(-0.1067),화명생태공원(-0.1582),더베이101(-0.1654)
부네치아,사상인디스테이션(0.2466),흰여울문화마을(0.2083),안데르센동화마을(0.2004),성지곡수원지(0.1409),화명생태공원(0.1353),대저생태공원(0.1155),임랑해수욕장(0.1019),UN공원(0.1007),감천문화마을(0.1000),용두산공원(0.0919),다대포꿈의낙조분수(0.0892),깡깡이예술마을(0.0881),더베이101(0.0792),광안대교(0.0772),태종대(0.0716),자갈치시장(0.0648),부산항대교(0.0624),삼락생태공원(0.0608),아미르공원(0.0596),호천마을(0.0515),상해거리(0.0490),맥도생태공원(0.0485),초량이바구길(0.0476),회동수원지(0.0472),일광해수욕장(0.0406),문화빙상센터(0.0400),부산어촌민속관(0.0339),국립해양박물관(0.0333),장안사(0.0327),국제시장(0.0321),동아대석당박물관(0.0290),아미산전망대(0.0290),구덕운동장(0.0263),부산치유의숲(0.0257),절영해안산책로(0.0226),오륙도스카이워크(0.0201),구덕야영장(0.0201),용호만유람선(0.0199),보수동책방골목(0.0149),송상현광장(0.0135),남항대교(0.0122),비프광장(0.0102),전포카페거리(0.0043),부산프리미엄아울렛(-0.0043),다대포해수욕장(-0.0063),낙동강하구에코센터(-0.0075),광안대교sup(-0.0101),송도해수욕장(-0.0102),부산박물관(-0.0124),야구등대(-0.0137),금강공원(-0.0152),부전마켓타운(-0.0171),강서체육공원(-0.0287),아홉산숲(-0.0369),범어사(-0.0406),영도대교(-0.0420),동래온천(-0.0461),금정산성(-0.0472),을숙도(-0.0501),서동미로시장(-0.0667),구포시장(-0.0743),송도용궁구름다리(-0.0853),해운대블루라인파크(-0.0868),송정해수욕장(-0.0878),동래읍성(-0.1022),누리마루(-0.1119),황령산(-0.1120),장산(-0.1125),이기대도시자연공원(-0.1285),벡스코(-0.1466),영화의전당(-0.1635),해운대해수욕장(-0.1860)
부산박물관,화명생태공원(0.3207),낙동강하구에코센터(0.2696),사상인디스테이션(0.2462),부산어촌민속관(0.1972),구덕운동장(0.1775),벡스코(0.1698),장안사(0.1582),더베이101(0.1538),구덕야영장(0.1536),금강공원(0.1495),부산치유의숲(0.1466),임랑해수욕장(0.1433),오륙도스카이워크(0.1424),초량이바구길(0.1283),일광해수욕장(0.1242),UN공원(0.1221),남항대교(0.1191),동아대석당박물관(0.1139),아홉산숲(0.0951),황령산(0.0765),태종대(0.0746),깡깡이예술마을(0.0723),부전마켓타운(0.0697),영도대교(0.0657),야구등대(0.0645),대저생태공원(0.0629),장산(0.0625),비프광장(0.0621),전포카페거리(0.0617),절영해안산책로(0.0600),자갈치시장(0.0593),문화빙상센터(0.0534),국제시장(0.0454),송정해수욕장(0.0441),강서체육공원(0.0422),광안대교(0.0381),감천문화마을(0.0356),성지곡수원지(0.0336),을숙도(0.0308),해운대해수욕장(0.0296),다대포꿈의낙조분수(0.0289),용호만유람선(0.0255),안데르센동화마을(0.0240),서동미로시장(0.0202),금정산성(0.0154),구포시장(0.0134),범어사(0.0130),상해거리(0.0053),이기대도시자연공원(0.0035),용두산공원(0.0029),흰여울문화마을(0.0008),아미산전망대(-0.0034),송도해수욕장(-0.0060),부네치아(-0.0124),다대포해수욕장(-0.0167),송상현광장(-0.0169),해운대블루라인파크(-0.0172),보수동책방골목(-0.0223),광안대교sup(-0.0276),동래읍성(-0.0333),국립해양박물관(-0.0429),삼락생태공원(-0.0470),부산프리미엄아울렛(-0.0497),누리마루(-0.0527),부산항대교(-0.0600),회동수원지(-0.0618),영화의전당(-0.0650),아미르공원(-0.0702),호천마을(-0.0749),동래온천(-0.0868),맥도생태공원(-0.0905),송도용궁구름다리(-0.1423)
부산어촌민속관,벡스코(0.4756),사상인디스테이션(0.3379),용호만유람선(0.2744),동아대석당박물관(0.2198),부산박물관(0.1972),낙동강하구에코센터(0.1966),부산치유의숲(0.1950),태종대(0.1692),안데르센동화마을(0.1634),광안대교(0.1612),을숙도(0.1464),국립해양박물관(0.1442),장산(0.1415),광안대교sup(0.1406),해운대블루라인파크(0.1337),더베이101(0.1290),아미산전망대(0.1287),아미르공원(0.1237),문화빙상센터(0.1224),금정산성(0.1206),깡깡이예술마을(0.1190),삼락생태공원(0.1137),대저생태공원(0.1136),화명생태공원(0.1085),용두산공원(0.1024),이기대도시자연공원(0.0983),구덕운동장(0.0888),전포카페거리(0.0880),강서체육공원(0.0840),구덕야영장(0.0832),황령산(0.0757),송도용궁구름다리(0.0754),부산항대교(0.0717),누리마루(0.0680),장안사(0.0642),영도대교(0.0559),범어사(0.0477),금강공원(0.0455),동래읍성(0.0448),오륙도스카이워크(0.0430),부네치아(0.0339),영화의전당(0.0263),감천문화마을(0.0217),UN공원(0.0151),다대포해수욕장(0.0148),송상현광장(0.0030),서동미로시장(-0.0000),호천마을(-0.0049),초량이바구길(-0.0124),맥도생태공원(-0.0128),자갈치시장(-0.0132),절영해안산책로(-0.0135),성지곡수원지(-0.0149),회동수원지(-0.0150),남항대교(-0.0153),흰여울문화마을(-0.0198),국제시장(-0.0205),송도해수욕장(-0.0210),상해거리(-0.0255),비프광장(-0.0269),아홉산숲(-0.0313),보수동책방골목(-0.0343),부산프리미엄아울렛(-0.0398),동래온천(-0.0409),다대포꿈의낙조분수(-0.0675),임랑해수욕장(-0.0707),야구등대(-0.0740),해운대해수욕장(-0.0751),일광해수욕장(-0.1045),송정해수욕장(-0.1091),부전마켓타운(-0.1424),구포시장(-0.1527)
부산치유의숲,금강공원(0.2134),사상인디스테이션(0.2022),부산어촌민속관(0.1950),구덕야영장(0.1869),안데르센동화마을(0.1709),성지곡수원지(0.1545),부산박물관(0.1466),벡스코(0.1247),장산(0.1245),이기대도시자연공원(0.1113),국립해양박물관(0.1025),강서체육공원(0.0972),장안사(0.0924),흰여울문화마을(0.0905),해운대블루라인파크(0.0879),서동미로시장(0.0787),아홉산숲(0.0742),더베이101(0.0711),낙동강하구에코센터(0.0638),태종대(0.0562),감천문화마을(0.0538),영도대교(0.0505),비프광장(0.0488),초량이바구길(0.0394),구포시장(0.0326),오륙도스카이워크(0.0277),영화의전당(0.0265),부네치아(0.0257),동아대석당박물관(0.0239),아미산전망대(0.0229),화명생태공원(0.0221),송도용궁구름다리(0.0140),구덕운동장(0.0125),깡깡이예술마을(0.0107),절영해안산책로(0.0065),범어사(0.0022),송정해수욕장(-0.0042),아미르공원(-0.0067),보수동책방골목(-0.0073),문화빙상센터(-0.0091),다대포꿈의낙조분수(-0.0094),자갈치시장(-0.0113),부전마켓타운(-0.0144),황령산(-0.0231),국제시장(-0.0278),전포카페거리(-0.0279),대저생태공원(-0.0329),회동수원지(-0.0343),부산항대교(-0.0401),다대포해수욕장(-0.0447),금정산성(-0.0451),임랑해수욕장(-0.0483),부산프리미엄아울렛(-0.0522),용호만유람선(-0.0527),용두산공원(-0.0556),남항대교(-0.0631),광안대교sup(-0.0647),동래읍성(-0.0693),야구등대(-0.0724),삼락생태공원(-0.0782),해운대해수욕장(-0.0814),일광해수욕장(-0.0912),광안대교(-0.0971),동래온천(-0.0991),UN공원(-0.0991),호천마을(-0.1003),송도해수욕장(-0.1233),누리마루(-0.1373),을숙도(-0.1507),송상현광장(-0.1596),상해거리(-0.1633),맥도생태공원(-0.2809)
부산프리미엄아울렛,안데르센동화마을(0.2581),동래온천(0.2521),용두산공원(0.1503),대저생태공원(0.1305),화명생태공원(0.1262),태종대(0.1188),다대포꿈의낙조분수(0.1088),문화빙상센터(0.1023),국립해양박물관(0.1023),전포카페거리(0.0805),구덕운동장(0.0767),동아대석당박물관(0.0666),해운대해수욕장(0.0632),광안대교(0.0522),성지곡수원지(0.0487),광안대교sup(0.0430),장산(0.0428),호천마을(0.0418),부산항대교(0.0369),오륙도스카이워크(0.0360),상해거리(0.0333),해운대블루라인파크(0.0296),송정해수욕장(0.0290),구포시장(0.0276),금강공원(0.0275),일광해수욕장(0.0263),흰여울문화마을(0.0210),낙동강하구에코센터(0.0187),회동수원지(0.0167),영도대교(0.0156),깡깡이예술마을(0.0133),벡스코(0.0132),금정산성(0.0110),더베이101(0.0073),구덕야영장(0.0059),영화의전당(0.0012),임랑해수욕장(0.0004),송도용궁구름다리(0.0003),송상현광장(-0.0014),야구등대(-0.0016),아홉산숲(-0.0036),부전마켓타운(-0.0036),부네치아(-0.0043),UN공원(-0.0093),감천문화마을(-0.0114),국제시장(-0.0187),비프광장(-0.0212),강서체육공원(-0.0313),부산어촌민속관(-0.0398),황령산(-0.0409),용호만유람선(-0.0423),아미르공원(-0.0470),누리마루(-0.0483),부산박물관(-0.0497),부산치유의숲(-0.0522),삼락생태공원(-0.0526),을숙도(-0.0636),남항대교(-0.0653),초량이바구길(-0.0655),송도해수욕장(-0.0680),보수동책방골목(-0.0747),맥도생태공원(-0.0806),절영해안산책로(-0.0848),동래읍성(-0.0849),서동미로시장(-0.0891),이기대도시자연공원(-0.0961),자갈치시장(-0.1160),사상인디스테이션(-0.1320),아미산전망대(-0.1477),다대포해수욕장(-0.1494),범어사(-0.1659),장안사(-0.2218)
부산항대교,구덕운동장(0.2033),강서체육공원(0.1950),남항대교(0.1826),동래온천(0.1593),호천마을(0.1580),아미산전망대(0.1500),장산(0.1380),구덕야영장(0.1372),광안대교(0.1200),광안대교sup(0.0939),낙동강하구에코센터(0.0884),초량이바구길(0.0842),아홉산숲(0.0815),오륙도스카이워크(0.0773),국립해양박물관(0.0749),화명생태공원(0.0719),부산어촌민속관(0.0717),누리마루(0.0681),송상현광장(0.0661),대저생태공원(0.0638),부네치아(0.0624),성지곡수원지(0.0577),비프광장(0.0569),용호만유람선(0.0567),사상인디스테이션(0.0542),송도용궁구름다리(0.0532),금정산성(0.0516),다대포꿈의낙조분수(0.0514),감천문화마을(0.0483),자갈치시장(0.0482),안데르센동화마을(0.0427),황령산(0.0425),부산프리미엄아울렛(0.0369),삼락생태공원(0.0296),맥도생태공원(0.0290),회동수원지(0.0266),서동미로시장(0.0201),금강공원(0.0161),임랑해수욕장(0.0128),벡스코(0.0099),송도해수욕장(0.0095),태종대(0.0036),일광해수욕장(0.0031),전포카페거리(-0.0005),동아대석당박물관(-0.0049),상해거리(-0.0114),을숙도(-0.0134),해운대블루라인파크(-0.0160),영도대교(-0.0164),송정해수욕장(-0.0188),아미르공원(-0.0281),깡깡이예술마을(-0.0315),이기대도시자연공원(-0.0340),용두산공원(-0.0372),야구등대(-0.0395),부산치유의숲(-0.0401),영화의전당(-0.0414),보수동책방골목(-0.0442),국제시장(-0.0514),부산박물관(-0.0600),구포시장(-0.0620),부전마켓타운(-0.0765),문화빙상센터(-0.0933),흰여울문화마을(-0.0973),다대포해수욕장(-0.0991),장안사(-0.0998),더베이101(-0.1002),절영해안산책로(-0.1091),UN공원(-0.1187),범어사(-0.1191),해운대해수욕장(-0.2173),동래읍성(-0.2318)
부전마켓타운,구포시장(0.4624),국제시장(0.3061),서동미로시장(0.2206),자갈치시장(0.1756),남항대교(0.1212),용두산공원(0.0901),다대포꿈의낙조분수(0.0887),전포카페거리(0.0721),성지곡수원지(0.0709),부산박물관(0.0697),낙동강하구에코센터(0.0679),송정해수욕장(0.0675),맥도생태공원(0.0618),화명생태공원(0.0613),범어사(0.0602),동래읍성(0.0602),태종대(0.0537),대저생태공원(0.0520),이기대도시자연공원(0.0513),더베이101(0.0504),흰여울문화마을(0.0413),누리마루(0.0308),절영해안산책로(0.0307),동래온천(0.0279),깡깡이예술마을(0.0262),구덕야영장(0.0250),비프광장(0.0229),오륙도스카이워크(0.0215),삼락생태공원(0.0127),UN공원(0.0119),을숙도(0.0108),광안대교(0.0093),황령산(0.0086),영도대교(0.0080),금강공원(0.0021),아홉산숲(0.0014),장안사(-0.0027),부산프리미엄아울렛(-0.0036),장산(-0.0108),임랑해수욕장(-0.0117),사상인디스테이션(-0.0139),부산치유의숲(-0.0144),용호만유람선(-0.0146),강서체육공원(-0.0146),회동수원지(-0.0153),부네치아(-0.0171),송도해수욕장(-0.0180),야구등대(-0.0192),벡스코(-0.0196),구덕운동장(-0.0203),문화빙상센터(-0.0245),영화의전당(-0.0298),동아대석당박물관(-0.0322),해운대해수욕장(-0.0414),금정산성(-0.0419),안데르센동화마을(-0.0510),아미르공원(-0.0575),초량이바구길(-0.0631),일광해수욕장(-0.0659),감천문화마을(-0.0660),광안대교sup(-0.0672),부산항대교(-0.0765),송도용궁구름다리(-0.0776),해운대블루라인파크(-0.0894),보수동책방골목(-0.1067),상해거리(-0.1096),아미산전망대(-0.1199),국립해양박물관(-0.1234),다대포해수욕장(-0.1276),호천마을(-0.1332),부산어촌민속관(-0.1424),송상현광장(-0.1462)
비프광장,국제시장(0.2735),구포시장(0.2005),서동미로시장(0.1193),오륙도스카이워크(0.1168),전포카페거리(0.1092),대저생태공원(0.1085),송상현광장(0.1052),성지곡수원지(0.0996),상해거리(0.0986),자갈치시장(0.0981),태종대(0.0974),벡스코(0.0923),아미르공원(0.0851),구덕야영장(0.0807),초량이바구길(0.0788),금강공원(0.0777),동아대석당박물관(0.0774),흰여울문화마을(0.0757),송도용궁구름다리(0.0643),부산박물관(0.0621),사상인디스테이션(0.0587),부산항대교(0.0569),해운대해수욕장(0.0521),부산치유의숲(0.0488),금정산성(0.0433),맥도생태공원(0.0418),송도해수욕장(0.0408),보수동책방골목(0.0382),광안대교(0.0315),영화의전당(0.0305),삼락생태공원(0.0285),아홉산숲(0.0235),부전마켓타운(0.0229),더베이101(0.0185),UN공원(0.0176),다대포해수욕장(0.0151),호천마을(0.0121),부네치아(0.0102),국립해양박물관(0.0086),구덕운동장(0.0049),아미산전망대(0.0020),황령산(0.0003),송정해수욕장(-0.0014),동래온천(-0.0044),화명생태공원(-0.0051),안데르센동화마을(-0.0055),을숙도(-0.0057),장산(-0.0060),일광해수욕장(-0.0070),강서체육공원(-0.0103),이기대도시자연공원(-0.0104),깡깡이예술마을(-0.0125),부산프리미엄아울렛(-0.0212),야구등대(-0.0229),부산어촌민속관(-0.0269),영도대교(-0.0280),다대포꿈의낙조분수(-0.0291),누리마루(-0.0372),광안대교sup(-0.0439),용두산공원(-0.0458),해운대블루라인파크(-0.0463),남항대교(-0.0515),임랑해수욕장(-0.0585),낙동강하구에코센터(-0.0606),문화빙상센터(-0.0660),감천문화마을(-0.0746),용호만유람선(-0.0764),범어사(-0.0994),장안사(-0.1051),회동수원지(-0.1170),동래읍성(-0.1232),절영해안산책로(-0.1504)
사상인디스테이션,누리마루(0.4244),부산어촌민속관(0.3379),깡깡이예술마을(0.3133),감천문화마을(0.2701),부네치아(0.2466),부산박물관(0.2462),대저생태공원(0.2312),보수동책방골목(0.2049),부산치유의숲(0.2022),초량이바구길(0.1967),이기대도시자연공원(0.1905),다대포해수욕장(0.1794),흰여울문화마을(0.1772),아미산전망대(0.1763),해운대블루라인파크(0.1557),절영해안산책로(0.1513),을숙도(0.1513),강서체육공원(0.1509),동아대석당박물관(0.1478),국립해양박물관(0.1366),야구등대(0.1278),태종대(0.1248),문화빙상센터(0.1236),더베이101(0.1209),안데르센동화마을(0.1180),벡스코(0.1172),회동수원지(0.1002),용호만유람선(0.0998),오륙도스카이워크(0.0975),아홉산숲(0.0934),UN공원(0.0914),전포카페거리(0.0904),다대포꿈의낙조분수(0.0883),영도대교(0.0779),광안대교(0.0698),자갈치시장(0.0669),성지곡수원지(0.0613),비프광장(0.0587),송도용궁구름다리(0.0584),맥도생태공원(0.0576),아미르공원(0.0574),장안사(0.0562),구덕운동장(0.0559),부산항대교(0.0542),구덕야영장(0.0541),서동미로시장(0.0522),금정산성(0.0489),송도해수욕장(0.0392),임랑해수욕장(0.0371),화명생태공원(0.0349),구포시장(0.0322),장산(0.0237),국제시장(0.0231),범어사(0.0211),광안대교sup(0.0210),용두산공원(0.0198),상해거리(0.0183),삼락생태공원(0.0022),동래온천(0.0005),남항대교(0.0002),영화의전당(-0.0097),낙동강하구에코센터(-0.0124),부전마켓타운(-0.0139),금강공원(-0.0168),송정해수욕장(-0.0179),송상현광장(-0.0219),동래읍성(-0.0327),황령산(-0.0356),호천마을(-0.0578),해운대해수욕장(-0.0667),일광해수욕장(-0.0892),부산프리미엄아울렛(-0.1320)
삼락생태공원,맥도생태공원(0.5003),아미르공원(0.3147),을숙도(0.2770),화명생태공원(0.2595),대저생태공원(0.1628),구덕야영장(0.1456),태종대(0.1258),강서체육공원(0.1223),누리마루(0.1138),부산어촌민속관(0.1137),국립해양박물관(0.1100),낙동강하구에코센터(0.0908),흰여울문화마을(0.0882),안데르센동화마을(0.0731),구포시장(0.0672),다대포해수욕장(0.0643),용호만유람선(0.0630),국제시장(0.0616),부네치아(0.0608),벡스코(0.0599),자갈치시장(0.0581),용두산공원(0.0564),더베이101(0.0502),송상현광장(0.0456),보수동책방골목(0.0428),아미산전망대(0.0427),장산(0.0420),상해거리(0.0394),구덕운동장(0.0363),초량이바구길(0.0328),문화빙상센터(0.0307),전포카페거리(0.0303),부산항대교(0.0296),비프광장(0.0285),금강공원(0.0279),감천문화마을(0.0273),호천마을(0.0250),동래온천(0.0210),영도대교(0.0189),장안사(0.0180),부전마켓타운(0.0127),동래읍성(0.0047),사상인디스테이션(0.0022),영화의전당(0.0011),서동미로시장(0.0001),범어사(-0.0015),임랑해수욕장(-0.0052),UN공원(-0.0057),깡깡이예술마을(-0.0117),오륙도스카이워크(-0.0199),황령산(-0.0239),광안대교sup(-0.0418),회동수원지(-0.0430),성지곡수원지(-0.0451),부산박물관(-0.0470),부산프리미엄아울렛(-0.0526),남항대교(-0.0561),광안대교(-0.0565),이기대도시자연공원(-0.0594),아홉산숲(-0.0600),송도용궁구름다리(-0.0628),절영해안산책로(-0.0677),동아대석당박물관(-0.0699),해운대블루라인파크(-0.0751),부산치유의숲(-0.0782),금정산성(-0.0817),야구등대(-0.0827),다대포꿈의낙조분수(-0.0842),송정해수욕장(-0.0975),송도해수욕장(-0.1208),일광해수욕장(-0.1325),해운대해수욕장(-0.1493)
상해거리,태종대(0.1438),장안사(0.1428),범어사(0.1327),동래읍성(0.1178),비프광장(0.0986),송상현광장(0.0980),맥도생태공원(0.0898),금정산성(0.0859),화명생태공원(0.0833),송정해수욕장(0.0785),오륙도스카이워크(0.0740),초량이바구길(0.0684),국립해양박물관(0.0665),해운대해수욕장(0.0579),용호만유람선(0.0543),벡스코(0.0527),부네치아(0.0490),대저생태공원(0.0418),안데르센동화마을(0.0408),광안대교sup(0.0397),삼락생태공원(0.0394),전포카페거리(0.0372),을숙도(0.0364),부산프리미엄아울렛(0.0333),영도대교(0.0316),구포시장(0.0300),용두산공원(0.0213),사상인디스테이션(0.0183),일광해수욕장(0.0180),이기대도시자연공원(0.0155),장산(0.0155),동아대석당박물관(0.0132),아미르공원(0.0127),다대포해수욕장(0.0091),남항대교(0.0066),부산박물관(0.0053),광안대교(0.0008),문화빙상센터(-0.0031),아홉산숲(-0.0044),송도해수욕장(-0.0072),부산항대교(-0.0114),호천마을(-0.0127),야구등대(-0.0142),동래온천(-0.0144),더베이101(-0.0150),흰여울문화마을(-0.0219),해운대블루라인파크(-0.0229),부산어촌민속관(-0.0255),다대포꿈의낙조분수(-0.0310),구덕운동장(-0.0313),회동수원지(-0.0314),깡깡이예술마을(-0.0349),강서체육공원(-0.0350),영화의전당(-0.0353),누리마루(-0.0377),감천문화마을(-0.0421),아미산전망대(-0.0449),황령산(-0.0461),금강공원(-0.0503),절영해안산책로(-0.0506),UN공원(-0.0522),성지곡수원지(-0.0585),낙동강하구에코센터(-0.0600),임랑해수욕장(-0.0668),서동미로시장(-0.0761),보수동책방골목(-0.0814),송도용궁구름다리(-0.0866),자갈치시장(-0.0917),부전마켓타운(-0.1096),국제시장(-0.1603),부산치유의숲(-0.1633),구덕야영장(-0.1647)
서동미로시장,구포시장(0.2846),부전마켓타운(0.2206),국제시장(0.1715),강서체육공원(0.1631),자갈치시장(0.1435),이기대도시자연공원(0.1423),누리마루(0.1308),금정산성(0.1228),비프광장(0.1193),장안사(0.1062),송정해수욕장(0.0951),성지곡수원지(0.0869),태종대(0.0869),회동수원지(0.0860),더베이101(0.0850),화명생태공원(0.0848),깡깡이예술마을(0.0846),장산(0.0821),대저생태공원(0.0790),부산치유의숲(0.0787),초량이바구길(0.0780),오륙도스카이워크(0.0770),맥도생태공원(0.0769),아홉산숲(0.0677),보수동책방골목(0.0651),국립해양박물관(0.0620),벡스코(0.0551),사상인디스테이션(0.0522),다대포해수욕장(0.0470),황령산(0.0402),아미르공원(0.0327),해운대블루라인파크(0.0326),흰여울문화마을(0.0283),동아대석당박물관(0.0281),용두산공원(0.0271),임랑해수욕장(0.0270),부산박물관(0.0202),부산항대교(0.0201),아미산전망대(0.0131),야구등대(0.0089),구덕운동장(0.0071),다대포꿈의낙조분수(0.0010),삼락생태공원(0.0001),부산어촌민속관(-0.0000),일광해수욕장(-0.0008),영도대교(-0.0034),낙동강하구에코센터(-0.0057),동래읍성(-0.0071),절영해안산책로(-0.0109),동래온천(-0.0112),문화빙상센터(-0.0130),구덕야영장(-0.0148),전포카페거리(-0.0203),송도해수욕장(-0.0248),광안대교sup(-0.0326),범어사(-0.0354),안데르센동화마을(-0.0440),금강공원(-0.0532),해운대해수욕장(-0.0535),부네치아(-0.0667),상해거리(-0.0761),을숙도(-0.0854),부산프리미엄아울렛(-0.0891),UN공원(-0.0904),감천문화마을(-0.0911),송도용궁구름다리(-0.0926),송상현광장(-0.1063),남항대교(-0.1189),영화의전당(-0.1225),용호만유람선(-0.1415),광안대교(-0.1732),호천마을(-0.2019)
성지곡수원지,회동수원지(0.4900),장산(0.3212),안데르센동화마을(0.1968),금강공원(0.1704),구덕야영장(0.1643),부산치유의숲(0.1545),구포시장(0.1495),범어사(0.1425),부네치아(0.1409),더베이101(0.1354),구덕운동장(0.1246),국제시장(0.1202),UN공원(0.1144),장안사(0.1132),황령산(0.1131),동래온천(0.1100),일광해수욕장(0.1074),광안대교(0.1060),비프광장(0.0996),아미산전망대(0.0969),낙동강하구에코센터(0.0955),문화빙상센터(0.0936),자갈치시장(0.0932),깡깡이예술마을(0.0884),서동미로시장(0.0869),벡스코(0.0859),보수동책방골목(0.0818),아홉산숲(0.0723),부전마켓타운(0.0709),을숙도(0.0694),사상인디스테이션(0.0613),송도용궁구름다리(0.0611),감천문화마을(0.0610),부산항대교(0.0577),야구등대(0.0540),강서체육공원(0.0527),영화의전당(0.0494),부산프리미엄아울렛(0.0487),부산박물관(0.0336),광안대교sup(0.0237),영도대교(0.0214),흰여울문화마을(0.0198),해운대블루라인파크(0.0167),다대포꿈의낙조분수(0.0144),용호만유람선(0.0102),금정산성(0.0085),전포카페거리(-0.0026),호천마을(-0.0043),용두산공원(-0.0060),동래읍성(-0.0068),초량이바구길(-0.0070),동아대석당박물관(-0.0104),아미르공원(-0.0109),해운대해수욕장(-0.0130),부산어촌민속관(-0.0149),송상현광장(-0.0271),맥도생태공원(-0.0277),다대포해수욕장(-0.0287),국립해양박물관(-0.0299),삼락생태공원(-0.0451),남항대교(-0.0527),송도해수욕장(-0.0529),화명생태공원(-0.0584),상해거리(-0.0585),이기대도시자연공원(-0.0693),송정해수욕장(-0.0770),누리마루(-0.0777),오륙도스카이워크(-0.1091),대저생태공원(-0.1158),절영해안산책로(-0.1297),임랑해수욕장(-0.1318),태종대(-0.1352)
송도용궁구름다리,태종대(0.2433),아미르공원(0.1521),이기대도시자연공원(0.1322),오륙도스카이워크(0.1207),낙동강하구에코센터(0.1202),보수동책방골목(0.0868),감천문화마을(0.0834),황령산(0.0767),부산어촌민속관(0.0754),흰여울문화마을(0.0735),UN공원(0.0698),비프광장(0.0643),구덕운동장(0.0633),성지곡수원지(0.0611),사상인디스테이션(0.0584),호천마을(0.0538),부산항대교(0.0532),광안대교sup(0.0469),송상현광장(0.0428),강서체육공원(0.0412),더베이101(0.0377),국제시장(0.0370),동래온천(0.0343),누리마루(0.0329),임랑해수욕장(0.0324),국립해양박물관(0.0311),영화의전당(0.0282),송도해수욕장(0.0254),문화빙상센터(0.0239),안데르센동화마을(0.0238),맥도생태공원(0.0238),용호만유람선(0.0234),송정해수욕장(0.0228),회동수원지(0.0226),아홉산숲(0.0199),광안대교(0.0189),다대포꿈의낙조분수(0.0185),아미산전망대(0.0169),부산치유의숲(0.0140),범어사(0.0122),깡깡이예술마을(0.0078),영도대교(0.0057),벡스코(0.0025),동래읍성(0.0019),부산프리미엄아울렛(0.0003),해운대해수욕장(-0.0042),전포카페거리(-0.0042),장안사(-0.0062),절영해안산책로(-0.0118),장산(-0.0207),해운대블루라인파크(-0.0213),금정산성(-0.0221),금강공원(-0.0291),초량이바구길(-0.0356),대저생태공원(-0.0486),일광해수욕장(-0.0541),구덕야영장(-0.0558),야구등대(-0.0577),다대포해수욕장(-0.0594),삼락생태공원(-0.0628),구포시장(-0.0756),동아대석당박물관(-0.0764),부전마켓타운(-0.0776),화명생태공원(-0.0803),부네치아(-0.0853),상해거리(-0.0866),을숙도(-0.0891),자갈치시장(-0.0905),서동미로시장(-0.0926),용두산공원(-0.1281),부산박물관(-0.1423),남항대교(-0.1636)
송도해수욕장,해운대해수욕장(0.3960),일광해수욕장(0.3402),남항대교(0.2477),임랑해수욕장(0.2376),다대포해수욕장(0.2370),야구등대(0.2200),송정해수욕장(0.1904),흰여울문화마을(0.1744),송상현광장(0.1593),태종대(0.1566),구덕운동장(0.1199),국립해양박물관(0.1039),절영해안산책로(0.0871),용호만유람선(0.0808),해운대블루라인파크(0.0802),오륙도스카이워크(0.0491),비프광장(0.0408),사상인디스테이션(0.0392),장안사(0.0385),누리마루(0.0380),범어사(0.0315),다대포꿈의낙조분수(0.0298),영도대교(0.0279),동아대석당박물관(0.0264),송도용궁구름다리(0.0254),안데르센동화마을(0.0228),금정산성(0.0222),대저생태공원(0.0191),구덕야영장(0.0131),동래온천(0.0097),부산항대교(0.0095),낙동강하구에코센터(0.0094),더베이101(0.0072),문화빙상센터(0.0024),회동수원지(0.0001),부산박물관(-0.0060),벡스코(-0.0071),상해거리(-0.0072),광안대교sup(-0.0078),부네치아(-0.0102),자갈치시장(-0.0126),아미르공원(-0.0134),부전마켓타운(-0.0180),깡깡이예술마을(-0.0183),용두산공원(-0.0190),부산어촌민속관(-0.0210),서동미로시장(-0.0248),강서체육공원(-0.0299),영화의전당(-0.0316),구포시장(-0.0327),국제시장(-0.0383),금강공원(-0.0419),화명생태공원(-0.0488),성지곡수원지(-0.0529),맥도생태공원(-0.0540),아홉산숲(-0.0570),부산프리미엄아울렛(-0.0680),동래읍성(-0.0712),보수동책방골목(-0.0755),아미산전망대(-0.0898),UN공원(-0.0967),호천마을(-0.0995),을숙도(-0.1015),감천문화마을(-0.1029),전포카페거리(-0.1051),삼락생태공원(-0.1208),부산치유의숲(-0.1233),광안대교(-0.1305),초량이바구길(-0.1619),황령산(-0.2240),장산(-0.2360),이기대도시자연공원(-0.2402)
송상현광장,화명생태공원(0.2446),아미르공원(0.1602),송도해수욕장(0.1593),용두산공원(0.1344),영화의전당(0.1299),다대포꿈의낙조분수(0.1251),흰여울문화마을(0.1068),비프광장(0.1052),상해거리(0.0980),오륙도스카이워크(0.0915),동래온천(0.0891),구덕운동장(0.0887),용호만유람선(0.0830),UN공원(0.0827),대저생태공원(0.0797),부산항대교(0.0661),안데르센동화마을(0.0640),동아대석당박물관(0.0590),아미산전망대(0.0590),벡스코(0.0513),삼락생태공원(0.0456),전포카페거리(0.0435),송도용궁구름다리(0.0428),해운대블루라인파크(0.0420),영도대교(0.0412),문화빙상센터(0.0401),다대포해수욕장(0.0384),해운대해수욕장(0.0222),부네치아(0.0135),구덕야영장(0.0124),맥도생태공원(0.0116),깡깡이예술마을(0.0049),부산어촌민속관(0.0030),국립해양박물관(-0.0014),부산프리미엄아울렛(-0.0014),회동수원지(-0.0045),동래읍성(-0.0089),누리마루(-0.0108),호천마을(-0.0139),남항대교(-0.0161),부산박물관(-0.0169),사상인디스테이션(-0.0219),더베이101(-0.0226),성지곡수원지(-0.0271),광안대교sup(-0.0283),아홉산숲(-0.0289),감천문화마을(-0.0297),낙동강하구에코센터(-0.0347),송정해수욕장(-0.0445),자갈치시장(-0.0493),강서체육공원(-0.0544),광안대교(-0.0662),태종대(-0.0719),보수동책방골목(-0.0848),금강공원(-0.0959),야구등대(-0.0998),초량이바구길(-0.1013),서동미로시장(-0.1063),절영해안산책로(-0.1121),장안사(-0.1134),일광해수욕장(-0.1293),금정산성(-0.1303),국제시장(-0.1372),임랑해수욕장(-0.1439),부전마켓타운(-0.1462),범어사(-0.1568),부산치유의숲(-0.1596),황령산(-0.1712),장산(-0.1721),구포시장(-0.1887),을숙도(-0.2248),이기대도시자연공원(-0.2699)
송정해수욕장,해운대해수욕장(0.3670),임랑해수욕장(0.3609),일광해수욕장(0.2412),송도해수욕장(0.1904),다대포해수욕장(0.1656),태종대(0.1194),서동미로시장(0.0951),구포시장(0.0848),광안대교sup(0.0817),상해거리(0.0785),아미산전망대(0.0771),전포카페거리(0.0711),부전마켓타운(0.0675),흰여울문화마을(0.0671),초량이바구길(0.0643),장안사(0.0641),부산박물관(0.0441),아미르공원(0.0416),구덕야영장(0.0323),동래온천(0.0316),부산프리미엄아울렛(0.0290),다대포꿈의낙조분수(0.0276),송도용궁구름다리(0.0228),범어사(0.0224),구덕운동장(0.0207),낙동강하구에코센터(0.0197),더베이101(0.0113),동아대석당박물관(0.0096),대저생태공원(0.0084),이기대도시자연공원(0.0052),국립해양박물관(0.0046),해운대블루라인파크(0.0032),아홉산숲(0.0029),비프광장(-0.0014),누리마루(-0.0022),부산치유의숲(-0.0042),화명생태공원(-0.0103),감천문화마을(-0.0119),영도대교(-0.0150),강서체육공원(-0.0167),사상인디스테이션(-0.0179),영화의전당(-0.0181),부산항대교(-0.0188),용두산공원(-0.0202),보수동책방골목(-0.0266),야구등대(-0.0268),절영해안산책로(-0.0279),오륙도스카이워크(-0.0342),송상현광장(-0.0445),UN공원(-0.0452),동래읍성(-0.0665),깡깡이예술마을(-0.0683),을숙도(-0.0719),성지곡수원지(-0.0770),부네치아(-0.0878),금정산성(-0.0899),국제시장(-0.0912),자갈치시장(-0.0927),삼락생태공원(-0.0975),문화빙상센터(-0.1001),호천마을(-0.1024),남항대교(-0.1052),금강공원(-0.1079),부산어촌민속관(-0.1091),벡스코(-0.1275),안데르센동화마을(-0.1304),장산(-0.1483),맥도생태공원(-0.1624),광안대교(-0.1780),회동수원지(-0.1856),용호만유람선(-0.2067),황령산(-0.2333)
아미르공원,삼락생태공원(0.3147),국립해양박물관(0.3018),태종대(0.2496),강서체육공원(0.2206),UN공원(0.1833),송상현광장(0.1602),송도용궁구름다리(0.1521),맥도생태공원(0.1381),부산어촌민속관(0.1237),누리마루(0.1155),안데르센동화마을(0.0965),벡스코(0.0964),을숙도(0.0930),구덕운동장(0.0909),비프광장(0.0851),흰여울문화마을(0.0845),문화빙상센터(0.0845),더베이101(0.0747),동래온천(0.0742),부네치아(0.0596),화명생태공원(0.0591),사상인디스테이션(0.0574),해운대해수욕장(0.0572),장안사(0.0501),대저생태공원(0.0483),아홉산숲(0.0441),송정해수욕장(0.0416),영도대교(0.0380),서동미로시장(0.0327),절영해안산책로(0.0307),영화의전당(0.0300),다대포꿈의낙조분수(0.0238),보수동책방골목(0.0214),깡깡이예술마을(0.0155),상해거리(0.0127),오륙도스카이워크(0.0123),이기대도시자연공원(0.0107),초량이바구길(0.0101),장산(0.0091),용호만유람선(0.0055),임랑해수욕장(0.0035),동래읍성(-0.0022),부산치유의숲(-0.0067),동아대석당박물관(-0.0080),광안대교(-0.0098),성지곡수원지(-0.0109),송도해수욕장(-0.0134),용두산공원(-0.0205),구포시장(-0.0211),감천문화마을(-0.0258),부산항대교(-0.0281),아미산전망대(-0.0312),낙동강하구에코센터(-0.0319),자갈치시장(-0.0328),광안대교sup(-0.0348),국제시장(-0.0411),구덕야영장(-0.0420),전포카페거리(-0.0439),범어사(-0.0458),다대포해수욕장(-0.0465),부산프리미엄아울렛(-0.0470),남항대교(-0.0532),황령산(-0.0540),부전마켓타운(-0.0575),부산박물관(-0.0702),해운대블루라인파크(-0.0756),일광해수욕장(-0.0805),금강공원(-0.0934),호천마을(-0.1173),금정산성(-0.1301),야구등대(-0.1324),회동수원지(-0.1386)
아미산전망대,다대포해수욕장(0.4576),낙동강하구에코센터(0.2667),장산(0.1879),사상인디스테이션(0.1763),오륙도스카이워크(0.1699),태종대(0.1649),황령산(0.1520),부산항대교(0.1500),회동수원지(0.1403),구덕운동장(0.1388),부산어촌민속관(0.1287),을숙도(0.1122),강서체육공원(0.1106),화명생태공원(0.1029),성지곡수원지(0.0969),자갈치시장(0.0941),누리마루(0.0881),송정해수욕장(0.0771),국제시장(0.0682),용호만유람선(0.0593),송상현광장(0.0590),깡깡이예술마을(0.0520),금정산성(0.0498),더베이101(0.0490),안데르센동화마을(0.0481),감천문화마을(0.0475),삼락생태공원(0.0427),벡스코(0.0390),장안사(0.0319),부네치아(0.0290),부산치유의숲(0.0229),다대포꿈의낙조분수(0.0209),범어사(0.0196),동아대석당박물관(0.0194),송도용궁구름다리(0.0169),금강공원(0.0159),아홉산숲(0.0152),서동미로시장(0.0131),이기대도시자연공원(0.0099),전포카페거리(0.0073),호천마을(0.0064),용두산공원(0.0061),영화의전당(0.0039),UN공원(0.0034),비프광장(0.0020),구덕야영장(-0.0022),부산박물관(-0.0034),영도대교(-0.0061),초량이바구길(-0.0067),동래읍성(-0.0107),보수동책방골목(-0.0249),아미르공원(-0.0312),해운대블루라인파크(-0.0392),해운대해수욕장(-0.0412),상해거리(-0.0449),임랑해수욕장(-0.0505),구포시장(-0.0594),동래온천(-0.0627),남항대교(-0.0685),맥도생태공원(-0.0692),광안대교sup(-0.0724),문화빙상센터(-0.0755),송도해수욕장(-0.0898),국립해양박물관(-0.0923),광안대교(-0.0979),대저생태공원(-0.1075),야구등대(-0.1119),부전마켓타운(-0.1199),부산프리미엄아울렛(-0.1477),일광해수욕장(-0.1639),흰여울문화마을(-0.1823),절영해안산책로(-0.2510)
아홉산숲,대저생태공원(0.1720),금강공원(0.1217),강서체육공원(0.1006),광안대교(0.0990),낙동강하구에코센터(0.0983),부산박물관(0.0951),사상인디스테이션(0.0934),부산항대교(0.0815),벡스코(0.0777),범어사(0.0770),금정산성(0.0765),부산치유의숲(0.0742),성지곡수원지(0.0723),야구등대(0.0691),감천문화마을(0.0678),서동미로시장(0.0677),오륙도스카이워크(0.0666),초량이바구길(0.0616),일광해수욕장(0.0463),장안사(0.0451),아미르공원(0.0441),해운대블루라인파크(0.0382),깡깡이예술마을(0.0363),임랑해수욕장(0.0324),다대포해수욕장(0.0271),광안대교sup(0.0268),구덕운동장(0.0267),전포카페거리(0.0245),비프광장(0.0235),화명생태공원(0.0218),송도용궁구름다리(0.0199),구덕야영장(0.0175),자갈치시장(0.0158),아미산전망대(0.0152),보수동책방골목(0.0132),황령산(0.0104),용두산공원(0.0066),송정해수욕장(0.0029),부전마켓타운(0.0014),을숙도(-0.0010),국립해양박물관(-0.0014),동래읍성(-0.0032),동아대석당박물관(-0.0033),부산프리미엄아울렛(-0.0036),상해거리(-0.0044),UN공원(-0.0055),해운대해수욕장(-0.0070),장산(-0.0090),호천마을(-0.0137),누리마루(-0.0145),영도대교(-0.0174),문화빙상센터(-0.0185),구포시장(-0.0196),태종대(-0.0222),더베이101(-0.0239),송상현광장(-0.0289),다대포꿈의낙조분수(-0.0297),흰여울문화마을(-0.0300),영화의전당(-0.0311),부산어촌민속관(-0.0313),부네치아(-0.0369),회동수원지(-0.0436),용호만유람선(-0.0513),송도해수욕장(-0.0570),삼락생태공원(-0.0600),남항대교(-0.0655),동래온천(-0.0677),이기대도시자연공원(-0.0841),국제시장(-0.0841),절영해안산책로(-0.0849),안데르센동화마을(-0.0998),맥도생태공원(-0.1394)
안데르센동화마을,부산프리미엄아울렛(0.2581),태종대(0.2335),국립해양박물관(0.2192),낙동강하구에코센터(0.2075),부네치아(0.2004),성지곡수원지(0.1968),더베이101(0.1870),구덕운동장(0.1780),부산치유의숲(0.1709),부산어촌민속관(0.1634),구덕야영장(0.1602),을숙도(0.1570),동래온천(0.1531),깡깡이예술마을(0.1315),해운대블루라인파크(0.1282),대저생태공원(0.1258),누리마루(0.1249),강서체육공원(0.1193),사상인디스테이션(0.1180),황령산(0.1135),벡스코(0.1081),범어사(0.1071),아미르공원(0.0965),영화의전당(0.0964),감천문화마을(0.0769),삼락생태공원(0.0731),구포시장(0.0688),금강공원(0.0649),송상현광장(0.0640),동아대석당박물관(0.0634),절영해안산책로(0.0601),장산(0.0571),동래읍성(0.0546),금정산성(0.0540),장안사(0.0507),흰여울문화마을(0.0506),용호만유람선(0.0498),아미산전망대(0.0481),부산항대교(0.0427),문화빙상센터(0.0416),상해거리(0.0408),다대포해수욕장(0.0404),보수동책방골목(0.0363),해운대해수욕장(0.0347),UN공원(0.0320),국제시장(0.0296),오륙도스카이워크(0.0290),광안대교(0.0273),부산박물관(0.0240),송도용궁구름다리(0.0238),송도해수욕장(0.0228),일광해수욕장(0.0119),회동수원지(0.0075),용두산공원(0.0007),비프광장(-0.0055),화명생태공원(-0.0080),다대포꿈의낙조분수(-0.0242),임랑해수욕장(-0.0307),초량이바구길(-0.0423),서동미로시장(-0.0440),이기대도시자연공원(-0.0469),부전마켓타운(-0.0510),남항대교(-0.0582),전포카페거리(-0.0605),광안대교sup(-0.0612),영도대교(-0.0682),맥도생태공원(-0.0725),아홉산숲(-0.0998),호천마을(-0.1138),자갈치시장(-0.1224),야구등대(-0.1289),송정해수욕장(-0.1304)
야구등대,송도해수욕장(0.2200),임랑해수욕장(0.1906),태종대(0.1874),일광해수욕장(0.1767),벡스코(0.1621),절영해안산책로(0.1611),낙동강하구에코센터(0.1495),깡깡이예술마을(0.1309),사상인디스테이션(0.1278),흰여울문화마을(0.1248),UN공원(0.1198),용두산공원(0.1108),구덕운동장(0.1064),금정산성(0.1031),동아대석당박물관(0.1010),누리마루(0.1007),용호만유람선(0.0944),다대포꿈의낙조분수(0.0828),자갈치시장(0.0756),아홉산숲(0.0691),맥도생태공원(0.0674),부산박물관(0.0645),성지곡수원지(0.0540),오륙도스카이워크(0.0537),장산(0.0493),남항대교(0.0486),호천마을(0.0475),보수동책방골목(0.0417),감천문화마을(0.0324),장안사(0.0258),다대포해수욕장(0.0091),서동미로시장(0.0089),구포시장(0.0067),부산프리미엄아울렛(-0.0016),화명생태공원(-0.0017),대저생태공원(-0.0050),국립해양박물관(-0.0055),영화의전당(-0.0063),영도대교(-0.0072),동래온천(-0.0091),부네치아(-0.0137),해운대해수욕장(-0.0141),상해거리(-0.0142),부전마켓타운(-0.0192),금강공원(-0.0201),구덕야영장(-0.0226),비프광장(-0.0229),해운대블루라인파크(-0.0246),송정해수욕장(-0.0268),초량이바구길(-0.0274),부산항대교(-0.0395),동래읍성(-0.0400),황령산(-0.0411),회동수원지(-0.0413),문화빙상센터(-0.0430),을숙도(-0.0452),광안대교sup(-0.0470),송도용궁구름다리(-0.0577),이기대도시자연공원(-0.0643),더베이101(-0.0658),광안대교(-0.0689),부산치유의숲(-0.0724),부산어촌민속관(-0.0740),범어사(-0.0766),전포카페거리(-0.0772),삼락생태공원(-0.0827),국제시장(-0.0916),송상현광장(-0.0998),아미산전망대(-0.1119),안데르센동화마을(-0.1289),아미르공원(-0.1324),강서체육공원(-0.1662)
영도대교,금정산성(0.1568),초량이바구길(0.1169),태종대(0.1138),화명생태공원(0.1088),광안대교sup(0.0859),사상인디스테이션(0.0779),장산(0.0752),강서체육공원(0.0746),부산박물관(0.0657),남항대교(0.0597),부산어촌민속관(0.0559),벡스코(0.0526),부산치유의숲(0.0505),금강공원(0.0486),UN공원(0.0476),송상현광장(0.0412),깡깡이예술마을(0.0382),아미르공원(0.0380),임랑해수욕장(0.0358),구덕운동장(0.0337),상해거리(0.0316),대저생태공원(0.0313),황령산(0.0289),송도해수욕장(0.0279),성지곡수원지(0.0214),삼락생태공원(0.0189),부산프리미엄아울렛(0.0156),국립해양박물관(0.0148),전포카페거리(0.0148),문화빙상센터(0.0136),자갈치시장(0.0104),구덕야영장(0.0086),부전마켓타운(0.0080),송도용궁구름다리(0.0057),낙동강하구에코센터(0.0041),동래읍성(-0.0006),장안사(-0.0007),일광해수욕장(-0.0027),서동미로시장(-0.0034),구포시장(-0.0059),아미산전망대(-0.0061),야구등대(-0.0072),동아대석당박물관(-0.0095),동래온천(-0.0112),다대포해수욕장(-0.0113),더베이101(-0.0121),해운대해수욕장(-0.0121),송정해수욕장(-0.0150),부산항대교(-0.0164),아홉산숲(-0.0174),용두산공원(-0.0194),국제시장(-0.0194),맥도생태공원(-0.0209),을숙도(-0.0247),비프광장(-0.0280),다대포꿈의낙조분수(-0.0293),영화의전당(-0.0325),광안대교(-0.0408),부네치아(-0.0420),용호만유람선(-0.0529),보수동책방골목(-0.0602),오륙도스카이워크(-0.0679),안데르센동화마을(-0.0682),회동수원지(-0.0736),이기대도시자연공원(-0.0892),해운대블루라인파크(-0.0902),흰여울문화마을(-0.0973),감천문화마을(-0.1023),호천마을(-0.1111),누리마루(-0.1194),범어사(-0.1228),절영해안산책로(-0.1290)
영화의전당,국립해양박물관(0.3604),벡스코(0.2155),용두산공원(0.1421),송상현광장(0.1299),화명생태공원(0.1098),안데르센동화마을(0.0964),구덕운동장(0.0943),깡깡이예술마을(0.0834),강서체육공원(0.0740),태종대(0.0723),낙동강하구에코센터(0.0555),일광해수욕장(0.0499),성지곡수원지(0.0494),구포시장(0.0489),회동수원지(0.0444),장산(0.0422),호천마을(0.0344),비프광장(0.0305),아미르공원(0.0300),송도용궁구름다리(0.0282),부산치유의숲(0.0265),부산어촌민속관(0.0263),해운대해수욕장(0.0252),UN공원(0.0206),문화빙상센터(0.0181),더베이101(0.0164),전포카페거리(0.0110),황령산(0.0073),흰여울문화마을(0.0047),아미산전망대(0.0039),부산프리미엄아울렛(0.0012),삼락생태공원(0.0011),금정산성(0.0006),용호만유람선(-0.0007),보수동책방골목(-0.0041),야구등대(-0.0063),광안대교(-0.0064),자갈치시장(-0.0088),절영해안산책로(-0.0093),사상인디스테이션(-0.0097),동래읍성(-0.0123),해운대블루라인파크(-0.0130),동래온천(-0.0158),송정해수욕장(-0.0181),금강공원(-0.0191),국제시장(-0.0201),누리마루(-0.0205),감천문화마을(-0.0264),동아대석당박물관(-0.0271),을숙도(-0.0296),대저생태공원(-0.0296),부전마켓타운(-0.0298),아홉산숲(-0.0311),송도해수욕장(-0.0316),영도대교(-0.0325),광안대교sup(-0.0345),상해거리(-0.0353),부산항대교(-0.0414),구덕야영장(-0.0425),장안사(-0.0439),초량이바구길(-0.0468),다대포꿈의낙조분수(-0.0586),다대포해수욕장(-0.0592),이기대도시자연공원(-0.0595),남항대교(-0.0645),부산박물관(-0.0650),임랑해수욕장(-0.0652),맥도생태공원(-0.1220),서동미로시장(-0.1225),범어사(-0.1226),부네치아(-0.1635),오륙도스카이워크(-0.1853)
오륙도스카이워크,이기대도시자연공원(0.2520),용호만유람선(0.2292),장산(0.1857),태종대(0.1759),호천마을(0.1703),아미산전망대(0.1699),대저생태공원(0.1442),부산박물관(0.1424),UN공원(0.1401),남항대교(0.1355),다대포해수욕장(0.1312),낙동강하구에코센터(0.1308),자갈치시장(0.1215),송도용궁구름다리(0.1207),벡스코(0.1180),비프광장(0.1168),문화빙상센터(0.1164),동래읍성(0.1162),금강공원(0.1126),동아대석당박물관(0.1046),사상인디스테이션(0.0975),흰여울문화마을(0.0975),다대포꿈의낙조분수(0.0967),용두산공원(0.0941),국제시장(0.0935),금정산성(0.0930),송상현광장(0.0915),해운대블루라인파크(0.0908),초량이바구길(0.0897),부산항대교(0.0773),서동미로시장(0.0770),상해거리(0.0740),보수동책방골목(0.0688),아홉산숲(0.0666),을숙도(0.0634),국립해양박물관(0.0621),황령산(0.0569),감천문화마을(0.0559),야구등대(0.0537),구포시장(0.0522),송도해수욕장(0.0491),광안대교(0.0487),절영해안산책로(0.0458),맥도생태공원(0.0435),부산어촌민속관(0.0430),부산프리미엄아울렛(0.0360),구덕야영장(0.0295),안데르센동화마을(0.0290),부산치유의숲(0.0277),깡깡이예술마을(0.0233),부전마켓타운(0.0215),화명생태공원(0.0206),부네치아(0.0201),아미르공원(0.0123),더베이101(0.0095),강서체육공원(-0.0031),범어사(-0.0173),삼락생태공원(-0.0199),구덕운동장(-0.0325),송정해수욕장(-0.0342),동래온천(-0.0426),장안사(-0.0462),영도대교(-0.0679),임랑해수욕장(-0.0727),전포카페거리(-0.0888),해운대해수욕장(-0.0988),성지곡수원지(-0.1091),회동수원지(-0.1125),누리마루(-0.1146),광안대교sup(-0.1296),영화의전당(-0.1853),일광해수욕장(-0.2098)
용두산공원,태종대(0.2366),UN공원(0.1525),부산프리미엄아울렛(0.1503),영화의전당(0.1421),송상현광장(0.1344),금강공원(0.1305),화명생태공원(0.1303),야구등대(0.1108),동래읍성(0.1102),부산어촌민속관(0.1024),오륙도스카이워크(0.0941),부네치아(0.0919),부전마켓타운(0.0901),낙동강하구에코센터(0.0893),벡스코(0.0883),장안사(0.0801),호천마을(0.0713),범어사(0.0602),삼락생태공원(0.0564),깡깡이예술마을(0.0510),장산(0.0497),자갈치시장(0.0425),서동미로시장(0.0271),황령산(0.0246),동아대석당박물관(0.0226),용호만유람선(0.0215),상해거리(0.0213),사상인디스테이션(0.0198),문화빙상센터(0.0146),회동수원지(0.0122),광안대교(0.0094),누리마루(0.0090),아홉산숲(0.0066),아미산전망대(0.0061),부산박물관(0.0029),다대포꿈의낙조분수(0.0011),안데르센동화마을(0.0007),초량이바구길(0.0006),성지곡수원지(-0.0060),전포카페거리(-0.0095),해운대블루라인파크(-0.0098),국제시장(-0.0178),흰여울문화마을(-0.0184),송도해수욕장(-0.0190),영도대교(-0.0194),송정해수욕장(-0.0202),국립해양박물관(-0.0203),아미르공원(-0.0205),강서체육공원(-0.0212),구덕야영장(-0.0236),대저생태공원(-0.0247),감천문화마을(-0.0252),남항대교(-0.0323),부산항대교(-0.0372),맥도생태공원(-0.0382),보수동책방골목(-0.0405),구포시장(-0.0409),비프광장(-0.0458),해운대해수욕장(-0.0521),동래온천(-0.0544),부산치유의숲(-0.0556),절영해안산책로(-0.0931),이기대도시자연공원(-0.0931),일광해수욕장(-0.0938),구덕운동장(-0.0943),금정산성(-0.0998),다대포해수욕장(-0.1041),더베이101(-0.1171),송도용궁구름다리(-0.1281),광안대교sup(-0.1493),을숙도(-0.1830),임랑해수욕장(-0.1909)
용호만유람선,부산어촌민속관(0.2744),오륙도스카이워크(0.2292),광안대교(0.2133),자갈치시장(0.1669),깡깡이예술마을(0.1613),벡스코(0.1581),더베이101(0.1493),광안대교sup(0.1268),사상인디스테이션(0.0998),화명생태공원(0.0951),야구등대(0.0944),낙동강하구에코센터(0.0849),태종대(0.0842),송상현광장(0.0830),금정산성(0.0809),송도해수욕장(0.0808),구덕야영장(0.0788),장산(0.0648),삼락생태공원(0.0630),아미산전망대(0.0593),부산항대교(0.0567),상해거리(0.0543),국제시장(0.0532),금강공원(0.0505),안데르센동화마을(0.0498),문화빙상센터(0.0483),UN공원(0.0447),전포카페거리(0.0395),부산박물관(0.0255),해운대해수욕장(0.0237),송도용궁구름다리(0.0234),용두산공원(0.0215),국립해양박물관(0.0212),부네치아(0.0199),구덕운동장(0.0178),이기대도시자연공원(0.0143),호천마을(0.0137),누리마루(0.0120),을숙도(0.0116),성지곡수원지(0.0102),맥도생태공원(0.0084),장안사(0.0060),아미르공원(0.0055),남항대교(0.0034),영화의전당(-0.0007),동아대석당박물관(-0.0054),대저생태공원(-0.0078),강서체육공원(-0.0140),부전마켓타운(-0.0146),임랑해수욕장(-0.0264),구포시장(-0.0291),범어사(-0.0356),일광해수욕장(-0.0376),부산프리미엄아울렛(-0.0423),회동수원지(-0.0508),아홉산숲(-0.0513),부산치유의숲(-0.0527),영도대교(-0.0529),보수동책방골목(-0.0552),동래읍성(-0.0566),동래온천(-0.0642),감천문화마을(-0.0643),다대포해수욕장(-0.0712),다대포꿈의낙조분수(-0.0721),절영해안산책로(-0.0744),비프광장(-0.0764),해운대블루라인파크(-0.0902),흰여울문화마을(-0.0916),황령산(-0.1153),서동미로시장(-0.1415),초량이바구길(-0.1573),송정해수욕장(-0.2067)
을숙도,맥도생태공원(0.3497),낙동강하구에코센터(0.3256),삼락생태공원(0.2770),대저생태공원(0.1603),안데르센동화마을(0.1570),장산(0.1553),사상인디스테이션(0.1513),부산어촌민속관(0.1464),국립해양박물관(0.1397),아미산전망대(0.1122),회동수원지(0.1064),강서체육공원(0.1057),동아대석당박물관(0.0957),아미르공원(0.0930),화명생태공원(0.0763),성지곡수원지(0.0694),다대포해수욕장(0.0666),오륙도스카이워크(0.0634),구포시장(0.0621),벡스코(0.0556),구덕운동장(0.0518),금정산성(0.0421),상해거리(0.0364),깡깡이예술마을(0.0328),부산박물관(0.0308),일광해수욕장(0.0198),누리마루(0.0154),UN공원(0.0116),용호만유람선(0.0116),부전마켓타운(0.0108),아홉산숲(-0.0010),광안대교(-0.0051),비프광장(-0.0057),이기대도시자연공원(-0.0078),감천문화마을(-0.0126),동래읍성(-0.0132),범어사(-0.0134),부산항대교(-0.0134),자갈치시장(-0.0167),초량이바구길(-0.0206),해운대블루라인파크(-0.0228),문화빙상센터(-0.0229),국제시장(-0.0238),영도대교(-0.0247),영화의전당(-0.0296),호천마을(-0.0334),황령산(-0.0354),임랑해수욕장(-0.0404),장안사(-0.0432),야구등대(-0.0452),보수동책방골목(-0.0472),더베이101(-0.0488),부네치아(-0.0501),다대포꿈의낙조분수(-0.0502),광안대교sup(-0.0524),부산프리미엄아울렛(-0.0636),전포카페거리(-0.0660),송정해수욕장(-0.0719),남항대교(-0.0781),구덕야영장(-0.0846),서동미로시장(-0.0854),송도용궁구름다리(-0.0891),동래온천(-0.1001),흰여울문화마을(-0.1009),송도해수욕장(-0.1015),해운대해수욕장(-0.1139),태종대(-0.1278),부산치유의숲(-0.1507),용두산공원(-0.1830),절영해안산책로(-0.1859),금강공원(-0.2060),송상현광장(-0.2248)
이기대도시자연공원,태종대(0.3095),오륙도스카이워크(0.2520),누리마루(0.2379),절영해안산책로(0.1960),사상인디스테이션(0.1905),흰여울문화마을(0.1798),황령산(0.1612),서동미로시장(0.1423),송도용궁구름다리(0.1322),장산(0.1174),부산치유의숲(0.1113),강서체육공원(0.1017),구포시장(0.1014),보수동책방골목(0.0984),부산어촌민속관(0.0983),낙동강하구에코센터(0.0896),전포카페거리(0.0874),광안대교(0.0846),국립해양박물관(0.0813),문화빙상센터(0.0671),구덕운동장(0.0631),해운대블루라인파크(0.0596),화명생태공원(0.0554),더베이101(0.0527),부전마켓타운(0.0513),금정산성(0.0322),광안대교sup(0.0318),상해거리(0.0155),용호만유람선(0.0143),아미르공원(0.0107),아미산전망대(0.0099),대저생태공원(0.0077),송정해수욕장(0.0052),부산박물관(0.0035),임랑해수욕장(-0.0026),국제시장(-0.0063),을숙도(-0.0078),비프광장(-0.0104),벡스코(-0.0188),깡깡이예술마을(-0.0261),금강공원(-0.0287),초량이바구길(-0.0291),부산항대교(-0.0340),다대포해수욕장(-0.0350),다대포꿈의낙조분수(-0.0362),회동수원지(-0.0377),맥도생태공원(-0.0391),장안사(-0.0409),안데르센동화마을(-0.0469),해운대해수욕장(-0.0517),감천문화마을(-0.0577),삼락생태공원(-0.0594),영화의전당(-0.0595),야구등대(-0.0643),성지곡수원지(-0.0693),동래읍성(-0.0781),동아대석당박물관(-0.0791),아홉산숲(-0.0841),범어사(-0.0847),영도대교(-0.0892),UN공원(-0.0895),용두산공원(-0.0931),부산프리미엄아울렛(-0.0961),남항대교(-0.1013),자갈치시장(-0.1066),일광해수욕장(-0.1078),구덕야영장(-0.1106),호천마을(-0.1150),부네치아(-0.1285),동래온천(-0.1448),송도해수욕장(-0.2402),송상현광장(-0.2699)
일광해수욕장,임랑해수욕장(0.5232),송도해수욕장(0.3402),송정해수욕장(0.2412),야구등대(0.1767),낙동강하구에코센터(0.1286),금정산성(0.1250),부산박물관(0.1242),해운대해수욕장(0.1113),성지곡수원지(0.1074),회동수원지(0.0879),장안사(0.0824),광안대교sup(0.0665),국립해양박물관(0.0500),영화의전당(0.0499),아홉산숲(0.0463),자갈치시장(0.0440),부네치아(0.0406),구포시장(0.0400),대저생태공원(0.0319),부산프리미엄아울렛(0.0263),보수동책방골목(0.0258),을숙도(0.0198),남항대교(0.0184),상해거리(0.0180),안데르센동화마을(0.0119),벡스코(0.0112),구덕운동장(0.0099),전포카페거리(0.0087),깡깡이예술마을(0.0070),UN공원(0.0046),부산항대교(0.0031),태종대(0.0022),문화빙상센터(0.0003),다대포해수욕장(0.0002),서동미로시장(-0.0008),영도대교(-0.0027),비프광장(-0.0070),동래온천(-0.0087),화명생태공원(-0.0126),강서체육공원(-0.0141),절영해안산책로(-0.0172),동아대석당박물관(-0.0204),다대포꿈의낙조분수(-0.0223),범어사(-0.0241),장산(-0.0354),용호만유람선(-0.0376),구덕야영장(-0.0419),해운대블루라인파크(-0.0489),황령산(-0.0522),송도용궁구름다리(-0.0541),부전마켓타운(-0.0659),감천문화마을(-0.0757),금강공원(-0.0798),흰여울문화마을(-0.0801),아미르공원(-0.0805),더베이101(-0.0811),사상인디스테이션(-0.0892),부산치유의숲(-0.0912),용두산공원(-0.0938),초량이바구길(-0.0970),국제시장(-0.1024),부산어촌민속관(-0.1045),이기대도시자연공원(-0.1078),광안대교(-0.1180),호천마을(-0.1250),송상현광장(-0.1293),삼락생태공원(-0.1325),맥도생태공원(-0.1326),동래읍성(-0.1430),누리마루(-0.1527),아미산전망대(-0.1639),오륙도스카이워크(-0.2098)
임랑해수욕장,일광해수욕장(0.5232),송정해수욕장(0.3609),송도해수욕장(0.2376),야구등대(0.1906),태종대(0.1669),부산박물관(0.1433),다대포해수욕장(0.1391),금정산성(0.1290),더베이101(0.1070),부네치아(0.1019),해운대해수욕장(0.0928),절영해안산책로(0.0835),전포카페거리(0.0706),흰여울문화마을(0.0693),누리마루(0.0580),낙동강하구에코센터(0.0557),동래온천(0.0514),국립해양박물관(0.0448),사상인디스테이션(0.0371),영도대교(0.0358),송도용궁구름다리(0.0324),아홉산숲(0.0324),대저생태공원(0.0310),서동미로시장(0.0270),구포시장(0.0237),동아대석당박물관(0.0171),UN공원(0.0140),강서체육공원(0.0138),구덕운동장(0.0138),구덕야영장(0.0133),부산항대교(0.0128),국제시장(0.0105),아미르공원(0.0035),장안사(0.0008),부산프리미엄아울렛(0.0004),이기대도시자연공원(-0.0026),삼락생태공원(-0.0052),부전마켓타운(-0.0117),광안대교sup(-0.0180),깡깡이예술마을(-0.0194),화명생태공원(-0.0233),다대포꿈의낙조분수(-0.0246),용호만유람선(-0.0264),맥도생태공원(-0.0270),범어사(-0.0276),감천문화마을(-0.0306),안데르센동화마을(-0.0307),호천마을(-0.0377),을숙도(-0.0404),부산치유의숲(-0.0483),아미산전망대(-0.0505),비프광장(-0.0585),자갈치시장(-0.0647),영화의전당(-0.0652),초량이바구길(-0.0652),상해거리(-0.0668),부산어촌민속관(-0.0707),오륙도스카이워크(-0.0727),금강공원(-0.0735),문화빙상센터(-0.0739),남항대교(-0.0871),해운대블루라인파크(-0.0876),보수동책방골목(-0.0901),황령산(-0.0975),성지곡수원지(-0.1318),광안대교(-0.1436),송상현광장(-0.1439),벡스코(-0.1504),동래읍성(-0.1556),장산(-0.1771),용두산공원(-0.1909),회동수원지(-0.2267)
자갈치시장,국제시장(0.1995),부전마켓타운(0.1756),벡스코(0.1683),낙동강하구에코센터(0.1681),용호만유람선(0.1669),서동미로시장(0.1435),장산(0.1348),구포시장(0.1307),오륙도스카이워크(0.1215),화명생태공원(0.1207),금정산성(0.1109),비프광장(0.0981),아미산전망대(0.0941),성지곡수원지(0.0932),광안대교sup(0.0776),야구등대(0.0756),깡깡이예술마을(0.0744),초량이바구길(0.0738),사상인디스테이션(0.0669),부네치아(0.0648),부산박물관(0.0593),삼락생태공원(0.0581),태종대(0.0544),부산항대교(0.0482),일광해수욕장(0.0440),용두산공원(0.0425),강서체육공원(0.0383),대저생태공원(0.0370),문화빙상센터(0.0291),전포카페거리(0.0288),구덕야영장(0.0276),남항대교(0.0263),호천마을(0.0190),구덕운동장(0.0162),아홉산숲(0.0158),영도대교(0.0104),보수동책방골목(0.0098),광안대교(0.0017),황령산(-0.0018),국립해양박물관(-0.0019),영화의전당(-0.0088),UN공원(-0.0099),부산치유의숲(-0.0113),회동수원지(-0.0116),송도해수욕장(-0.0126),부산어촌민속관(-0.0132),을숙도(-0.0167),누리마루(-0.0224),감천문화마을(-0.0256),아미르공원(-0.0328),동래온천(-0.0335),금강공원(-0.0349),동래읍성(-0.0362),다대포해수욕장(-0.0404),다대포꿈의낙조분수(-0.0445),맥도생태공원(-0.0462),해운대블루라인파크(-0.0467),더베이101(-0.0477),흰여울문화마을(-0.0489),송상현광장(-0.0493),장안사(-0.0619),임랑해수욕장(-0.0647),동아대석당박물관(-0.0810),송도용궁구름다리(-0.0905),상해거리(-0.0917),송정해수욕장(-0.0927),이기대도시자연공원(-0.1066),부산프리미엄아울렛(-0.1160),안데르센동화마을(-0.1224),해운대해수욕장(-0.1427),범어사(-0.1462),절영해안산책로(-0.1590)
장산,황령산(0.5815),금정산성(0.3448),금강공원(0.3400),성지곡수원지(0.3212),회동수원지(0.2644),초량이바구길(0.2280),강서체육공원(0.1940),아미산전망대(0.1879),오륙도스카이워크(0.1857),동래읍성(0.1779),벡스코(0.1639),을숙도(0.1553),국제시장(0.1520),광안대교(0.1469),부산어촌민속관(0.1415),부산항대교(0.1380),구덕운동장(0.1372),자갈치시장(0.1348),부산치유의숲(0.1245),이기대도시자연공원(0.1174),낙동강하구에코센터(0.1122),구포시장(0.1000),문화빙상센터(0.0959),범어사(0.0937),구덕야영장(0.0934),장안사(0.0882),화명생태공원(0.0852),서동미로시장(0.0821),남항대교(0.0810),해운대블루라인파크(0.0793),다대포해수욕장(0.0754),영도대교(0.0752),호천마을(0.0751),용호만유람선(0.0648),부산박물관(0.0625),더베이101(0.0622),안데르센동화마을(0.0571),용두산공원(0.0497),야구등대(0.0493),부산프리미엄아울렛(0.0428),영화의전당(0.0422),삼락생태공원(0.0420),광안대교sup(0.0359),맥도생태공원(0.0314),사상인디스테이션(0.0237),다대포꿈의낙조분수(0.0199),상해거리(0.0155),아미르공원(0.0091),태종대(-0.0015),동아대석당박물관(-0.0015),동래온천(-0.0036),비프광장(-0.0060),감천문화마을(-0.0088),아홉산숲(-0.0090),부전마켓타운(-0.0108),보수동책방골목(-0.0134),전포카페거리(-0.0177),송도용궁구름다리(-0.0207),해운대해수욕장(-0.0214),국립해양박물관(-0.0262),일광해수욕장(-0.0354),UN공원(-0.0426),깡깡이예술마을(-0.0548),대저생태공원(-0.0836),누리마루(-0.1093),부네치아(-0.1125),흰여울문화마을(-0.1272),절영해안산책로(-0.1402),송정해수욕장(-0.1483),송상현광장(-0.1721),임랑해수욕장(-0.1771),송도해수욕장(-0.2360)
장안사,범어사(0.5371),동래읍성(0.1922),낙동강하구에코센터(0.1606),금강공원(0.1601),부산박물관(0.1582),태종대(0.1461),상해거리(0.1428),성지곡수원지(0.1132),서동미로시장(0.1062),부산치유의숲(0.0924),장산(0.0882),대저생태공원(0.0839),일광해수욕장(0.0824),누리마루(0.0816),용두산공원(0.0801),금정산성(0.0785),다대포해수욕장(0.0738),부산어촌민속관(0.0642),송정해수욕장(0.0641),강서체육공원(0.0634),구덕운동장(0.0598),황령산(0.0591),사상인디스테이션(0.0562),안데르센동화마을(0.0507),아미르공원(0.0501),보수동책방골목(0.0472),동아대석당박물관(0.0452),아홉산숲(0.0451),깡깡이예술마을(0.0387),송도해수욕장(0.0385),부네치아(0.0327),아미산전망대(0.0319),초량이바구길(0.0273),야구등대(0.0258),남항대교(0.0222),삼락생태공원(0.0180),다대포꿈의낙조분수(0.0167),국제시장(0.0157),전포카페거리(0.0088),절영해안산책로(0.0084),광안대교(0.0081),더베이101(0.0063),용호만유람선(0.0060),임랑해수욕장(0.0008),영도대교(-0.0007),부전마켓타운(-0.0027),해운대해수욕장(-0.0033),송도용궁구름다리(-0.0062),UN공원(-0.0101),회동수원지(-0.0192),광안대교sup(-0.0225),국립해양박물관(-0.0237),감천문화마을(-0.0289),흰여울문화마을(-0.0342),동래온천(-0.0399),이기대도시자연공원(-0.0409),을숙도(-0.0432),영화의전당(-0.0439),화명생태공원(-0.0455),오륙도스카이워크(-0.0462),맥도생태공원(-0.0464),구포시장(-0.0528),해운대블루라인파크(-0.0607),자갈치시장(-0.0619),구덕야영장(-0.0623),벡스코(-0.0783),호천마을(-0.0825),부산항대교(-0.0998),비프광장(-0.1051),문화빙상센터(-0.1125),송상현광장(-0.1134),부산프리미엄아울렛(-0.2218)
전포카페거리,보수동책방골목(0.2598),깡깡이예술마을(0.1912),국제시장(0.1559),동래온천(0.1213),비프광장(0.1092),금강공원(0.1073),흰여울문화마을(0.0985),동아대석당박물관(0.0961),사상인디스테이션(0.0904),부산어촌민속관(0.0880),이기대도시자연공원(0.0874),부산프리미엄아울렛(0.0805),태종대(0.0777),부전마켓타운(0.0721),송정해수욕장(0.0711),임랑해수욕장(0.0706),누리마루(0.0701),초량이바구길(0.0667),낙동강하구에코센터(0.0663),광안대교sup(0.0662),구포시장(0.0637),광안대교(0.0618),부산박물관(0.0617),화명생태공원(0.0461),호천마을(0.0449),대저생태공원(0.0435),송상현광장(0.0435),용호만유람선(0.0395),다대포꿈의낙조분수(0.0395),구덕운동장(0.0386),상해거리(0.0372),금정산성(0.0310),삼락생태공원(0.0303),해운대블루라인파크(0.0301),다대포해수욕장(0.0298),자갈치시장(0.0288),아홉산숲(0.0245),회동수원지(0.0171),영도대교(0.0148),영화의전당(0.0110),맥도생태공원(0.0099),장안사(0.0088),일광해수욕장(0.0087),아미산전망대(0.0073),부네치아(0.0043),더베이101(-0.0000),부산항대교(-0.0005),성지곡수원지(-0.0026),송도용궁구름다리(-0.0042),용두산공원(-0.0095),해운대해수욕장(-0.0174),장산(-0.0177),서동미로시장(-0.0203),부산치유의숲(-0.0279),UN공원(-0.0402),아미르공원(-0.0439),절영해안산책로(-0.0487),벡스코(-0.0557),안데르센동화마을(-0.0605),남항대교(-0.0641),범어사(-0.0649),을숙도(-0.0660),문화빙상센터(-0.0698),야구등대(-0.0772),강서체육공원(-0.0789),오륙도스카이워크(-0.0888),감천문화마을(-0.0950),송도해수욕장(-0.1051),구덕야영장(-0.1096),국립해양박물관(-0.1130),동래읍성(-0.1134),황령산(-0.1247)
절영해안산책로,흰여울문화마을(0.7178),남항대교(0.2914),감천문화마을(0.2687),태종대(0.2277),이기대도시자연공원(0.1960),야구등대(0.1611),사상인디스테이션(0.1513),송도해수욕장(0.0871),해운대블루라인파크(0.0869),누리마루(0.0840),임랑해수욕장(0.0835),낙동강하구에코센터(0.0764),대저생태공원(0.0704),구덕운동장(0.0676),안데르센동화마을(0.0601),부산박물관(0.0600),국립해양박물관(0.0583),동래읍성(0.0465),오륙도스카이워크(0.0458),더베이101(0.0399),깡깡이예술마을(0.0328),부전마켓타운(0.0307),아미르공원(0.0307),다대포꿈의낙조분수(0.0294),구포시장(0.0268),부네치아(0.0226),범어사(0.0194),금정산성(0.0180),호천마을(0.0138),장안사(0.0084),부산치유의숲(0.0065),보수동책방골목(0.0055),초량이바구길(0.0012),동래온천(-0.0076),영화의전당(-0.0093),서동미로시장(-0.0109),맥도생태공원(-0.0116),송도용궁구름다리(-0.0118),부산어촌민속관(-0.0135),일광해수욕장(-0.0172),국제시장(-0.0206),화명생태공원(-0.0225),송정해수욕장(-0.0279),광안대교(-0.0291),문화빙상센터(-0.0417),강서체육공원(-0.0437),전포카페거리(-0.0487),상해거리(-0.0506),회동수원지(-0.0595),삼락생태공원(-0.0677),동아대석당박물관(-0.0685),벡스코(-0.0701),용호만유람선(-0.0744),황령산(-0.0764),부산프리미엄아울렛(-0.0848),아홉산숲(-0.0849),용두산공원(-0.0931),해운대해수욕장(-0.0957),금강공원(-0.1002),부산항대교(-0.1091),송상현광장(-0.1121),광안대교sup(-0.1161),구덕야영장(-0.1256),영도대교(-0.1290),성지곡수원지(-0.1297),장산(-0.1402),다대포해수욕장(-0.1483),UN공원(-0.1488),비프광장(-0.1504),자갈치시장(-0.1590),을숙도(-0.1859),아미산전망대(-0.2510)
초량이바구길,호천마을(0.3249),감천문화마을(0.3070),장산(0.2280),사상인디스테이션(0.1967),흰여울문화마을(0.1760),보수동책방골목(0.1733),깡깡이예술마을(0.1639),부산박물관(0.1283),영도대교(0.1169),오륙도스카이워크(0.0897),부산항대교(0.0842),비프광장(0.0788),서동미로시장(0.0780),구덕운동장(0.0738),자갈치시장(0.0738),해운대블루라인파크(0.0695),국제시장(0.0691),상해거리(0.0684),전포카페거리(0.0667),송정해수욕장(0.0643),아홉산숲(0.0616),부네치아(0.0476),황령산(0.0417),부산치유의숲(0.0394),삼락생태공원(0.0328),대저생태공원(0.0307),장안사(0.0273),UN공원(0.0169),태종대(0.0161),아미르공원(0.0101),구포시장(0.0092),동아대석당박물관(0.0031),낙동강하구에코센터(0.0018),절영해안산책로(0.0012),금강공원(0.0007),용두산공원(0.0006),남항대교(-0.0048),누리마루(-0.0055),화명생태공원(-0.0065),아미산전망대(-0.0067),해운대해수욕장(-0.0069),성지곡수원지(-0.0070),동래읍성(-0.0107),부산어촌민속관(-0.0124),벡스코(-0.0132),국립해양박물관(-0.0139),범어사(-0.0140),문화빙상센터(-0.0169),을숙도(-0.0206),금정산성(-0.0220),맥도생태공원(-0.0254),야구등대(-0.0274),광안대교sup(-0.0282),이기대도시자연공원(-0.0291),송도용궁구름다리(-0.0356),더베이101(-0.0415),안데르센동화마을(-0.0423),광안대교(-0.0446),영화의전당(-0.0468),부전마켓타운(-0.0631),임랑해수욕장(-0.0652),부산프리미엄아울렛(-0.0655),다대포해수욕장(-0.0668),구덕야영장(-0.0799),회동수원지(-0.0892),일광해수욕장(-0.0970),다대포꿈의낙조분수(-0.0986),송상현광장(-0.1013),강서체육공원(-0.1024),동래온천(-0.1516),용호만유람선(-0.1573),송도해수욕장(-0.1619)
태종대,이기대도시자연공원(0.3095),아미르공원(0.2496),송도용궁구름다리(0.2433),용두산공원(0.2366),안데르센동화마을(0.2335),절영해안산책로(0.2277),구덕운동장(0.2019),흰여울문화마을(0.1908),야구등대(0.1874),낙동강하구에코센터(0.1810),오륙도스카이워크(0.1759),부산어촌민속관(0.1692),범어사(0.1690),더베이101(0.1669),임랑해수욕장(0.1669),아미산전망대(0.1649),해운대블루라인파크(0.1638),금강공원(0.1631),송도해수욕장(0.1566),누리마루(0.1497),장안사(0.1461),상해거리(0.1438),국제시장(0.1399),삼락생태공원(0.1258),강서체육공원(0.1256),사상인디스테이션(0.1248),대저생태공원(0.1240),UN공원(0.1207),송정해수욕장(0.1194),부산프리미엄아울렛(0.1188),문화빙상센터(0.1181),영도대교(0.1138),다대포해수욕장(0.1023),화명생태공원(0.1005),비프광장(0.0974),금정산성(0.0938),벡스코(0.0882),황령산(0.0878),맥도생태공원(0.0873),서동미로시장(0.0869),동아대석당박물관(0.0866),용호만유람선(0.0842),구덕야영장(0.0812),전포카페거리(0.0777),부산박물관(0.0746),영화의전당(0.0723),부네치아(0.0716),동래온천(0.0671),보수동책방골목(0.0669),부산치유의숲(0.0562),자갈치시장(0.0544),부전마켓타운(0.0537),남항대교(0.0492),구포시장(0.0476),국립해양박물관(0.0330),해운대해수욕장(0.0304),호천마을(0.0258),감천문화마을(0.0246),초량이바구길(0.0161),부산항대교(0.0036),일광해수욕장(0.0022),장산(-0.0015),깡깡이예술마을(-0.0068),광안대교sup(-0.0092),아홉산숲(-0.0222),광안대교(-0.0236),동래읍성(-0.0355),다대포꿈의낙조분수(-0.0622),송상현광장(-0.0719),회동수원지(-0.1070),을숙도(-0.1278),성지곡수원지(-0.1352)
해운대블루라인파크,흰여울문화마을(0.1930),태종대(0.1638),사상인디스테이션(0.1557),부산어촌민속관(0.1337),안데르센동화마을(0.1282),금강공원(0.1144),남항대교(0.1086),감천문화마을(0.1075),구덕운동장(0.1038),동아대석당박물관(0.0962),대저생태공원(0.0949),동래온천(0.0921),오륙도스카이워크(0.0908),부산치유의숲(0.0879),보수동책방골목(0.0873),절영해안산책로(0.0869),송도해수욕장(0.0802),장산(0.0793),회동수원지(0.0765),깡깡이예술마을(0.0719),초량이바구길(0.0695),광안대교(0.0678),해운대해수욕장(0.0661),문화빙상센터(0.0613),이기대도시자연공원(0.0596),범어사(0.0561),송상현광장(0.0420),아홉산숲(0.0382),서동미로시장(0.0326),전포카페거리(0.0301),부산프리미엄아울렛(0.0296),UN공원(0.0247),다대포꿈의낙조분수(0.0208),호천마을(0.0204),벡스코(0.0204),성지곡수원지(0.0167),동래읍성(0.0038),송정해수욕장(0.0032),강서체육공원(0.0011),낙동강하구에코센터(-0.0016),금정산성(-0.0064),용두산공원(-0.0098),구덕야영장(-0.0129),영화의전당(-0.0130),부산항대교(-0.0160),부산박물관(-0.0172),송도용궁구름다리(-0.0213),을숙도(-0.0228),상해거리(-0.0229),야구등대(-0.0246),누리마루(-0.0314),황령산(-0.0330),더베이101(-0.0336),광안대교sup(-0.0356),맥도생태공원(-0.0364),아미산전망대(-0.0392),화명생태공원(-0.0453),국제시장(-0.0456),비프광장(-0.0463),자갈치시장(-0.0467),다대포해수욕장(-0.0482),일광해수욕장(-0.0489),장안사(-0.0607),국립해양박물관(-0.0710),삼락생태공원(-0.0751),아미르공원(-0.0756),부네치아(-0.0868),임랑해수욕장(-0.0876),부전마켓타운(-0.0894),영도대교(-0.0902),용호만유람선(-0.0902),구포시장(-0.0973)
해운대해수욕장,송도해수욕장(0.3960),송정해수욕장(0.3670),다대포해수욕장(0.3229),더베이101(0.2001),일광해수욕장(0.1113),구덕운동장(0.0947),임랑해수욕장(0.0928),벡스코(0.0893),범어사(0.0715),누리마루(0.0710),해운대블루라인파크(0.0661),부산프리미엄아울렛(0.0632),상해거리(0.0579),아미르공원(0.0572),비프광장(0.0521),흰여울문화마을(0.0519),대저생태공원(0.0494),남항대교(0.0397),구덕야영장(0.0352),안데르센동화마을(0.0347),태종대(0.0304),부산박물관(0.0296),영화의전당(0.0252),용호만유람선(0.0237),송상현광장(0.0222),국립해양박물관(0.0162),광안대교(0.0100),동아대석당박물관(0.0012),장안사(-0.0033),송도용궁구름다리(-0.0042),구포시장(-0.0055),초량이바구길(-0.0069),아홉산숲(-0.0070),강서체육공원(-0.0080),영도대교(-0.0121),성지곡수원지(-0.0130),야구등대(-0.0141),화명생태공원(-0.0155),전포카페거리(-0.0174),국제시장(-0.0175),장산(-0.0214),문화빙상센터(-0.0230),다대포꿈의낙조분수(-0.0235),금강공원(-0.0318),깡깡이예술마을(-0.0322),아미산전망대(-0.0412),부전마켓타운(-0.0414),이기대도시자연공원(-0.0517),용두산공원(-0.0521),서동미로시장(-0.0535),보수동책방골목(-0.0567),낙동강하구에코센터(-0.0654),사상인디스테이션(-0.0667),황령산(-0.0684),부산어촌민속관(-0.0751),UN공원(-0.0769),동래온천(-0.0771),회동수원지(-0.0812),부산치유의숲(-0.0814),금정산성(-0.0948),절영해안산책로(-0.0957),동래읍성(-0.0977),오륙도스카이워크(-0.0988),광안대교sup(-0.1001),호천마을(-0.1096),감천문화마을(-0.1133),을숙도(-0.1139),자갈치시장(-0.1427),삼락생태공원(-0.1493),부네치아(-0.1860),맥도생태공원(-0.1919),부산항대교(-0.2173)
호천마을,감천문화마을(0.5975),초량이바구길(0.3249),흰여울문화마을(0.2225),오륙도스카이워크(0.1703),부산항대교(0.1580),황령산(0.1374),동래읍성(0.1263),맥도생태공원(0.1208),남항대교(0.1198),낙동강하구에코센터(0.1038),대저생태공원(0.0883),더베이101(0.0788),금강공원(0.0763),장산(0.0751),용두산공원(0.0713),송도용궁구름다리(0.0538),벡스코(0.0515),부네치아(0.0515),야구등대(0.0475),전포카페거리(0.0449),부산프리미엄아울렛(0.0418),범어사(0.0352),영화의전당(0.0344),금정산성(0.0339),태종대(0.0258),삼락생태공원(0.0250),회동수원지(0.0238),해운대블루라인파크(0.0204),자갈치시장(0.0190),문화빙상센터(0.0158),절영해안산책로(0.0138),용호만유람선(0.0137),보수동책방골목(0.0131),국립해양박물관(0.0129),비프광장(0.0121),광안대교(0.0081),아미산전망대(0.0064),성지곡수원지(-0.0043),부산어촌민속관(-0.0049),상해거리(-0.0127),아홉산숲(-0.0137),송상현광장(-0.0139),UN공원(-0.0144),다대포꿈의낙조분수(-0.0168),화명생태공원(-0.0293),구덕운동장(-0.0305),을숙도(-0.0334),강서체육공원(-0.0356),임랑해수욕장(-0.0377),동아대석당박물관(-0.0487),동래온천(-0.0514),국제시장(-0.0562),사상인디스테이션(-0.0578),구덕야영장(-0.0588),부산박물관(-0.0749),장안사(-0.0825),깡깡이예술마을(-0.0876),다대포해수욕장(-0.0963),송도해수욕장(-0.0995),부산치유의숲(-0.1003),송정해수욕장(-0.1024),해운대해수욕장(-0.1096),누리마루(-0.1103),영도대교(-0.1111),안데르센동화마을(-0.1138),이기대도시자연공원(-0.1150),아미르공원(-0.1173),일광해수욕장(-0.1250),부전마켓타운(-0.1332),광안대교sup(-0.1495),서동미로시장(-0.2019),구포시장(-0.2141)
화명생태공원,부산박물관(0.3207),대저생태공원(0.2833),삼락생태공원(0.2595),송상현광장(0.2446),깡깡이예술마을(0.1941),낙동강하구에코센터(0.1743),맥도생태공원(0.1659),회동수원지(0.1427),부네치아(0.1353),용두산공원(0.1303),부산프리미엄아울렛(0.1262),벡스코(0.1249),자갈치시장(0.1207),더베이101(0.1123),영화의전당(0.1098),영도대교(0.1088),부산어촌민속관(0.1085),아미산전망대(0.1029),태종대(0.1005),용호만유람선(0.0951),금강공원(0.0917),감천문화마을(0.0904),장산(0.0852),서동미로시장(0.0848),상해거리(0.0833),구덕운동장(0.0829),을숙도(0.0763),부산항대교(0.0719),UN공원(0.0713),국립해양박물관(0.0656),부전마켓타운(0.0613),아미르공원(0.0591),문화빙상센터(0.0590),이기대도시자연공원(0.0554),흰여울문화마을(0.0480),전포카페거리(0.0461),남항대교(0.0439),다대포꿈의낙조분수(0.0435),사상인디스테이션(0.0349),광안대교(0.0285),부산치유의숲(0.0221),아홉산숲(0.0218),강서체육공원(0.0212),오륙도스카이워크(0.0206),야구등대(-0.0017),광안대교sup(-0.0025),비프광장(-0.0051),초량이바구길(-0.0065),안데르센동화마을(-0.0080),국제시장(-0.0086),송정해수욕장(-0.0103),황령산(-0.0108),일광해수욕장(-0.0126),해운대해수욕장(-0.0155),구포시장(-0.0208),절영해안산책로(-0.0225),임랑해수욕장(-0.0233),호천마을(-0.0293),다대포해수욕장(-0.0426),해운대블루라인파크(-0.0453),장안사(-0.0455),동래온천(-0.0464),동아대석당박물관(-0.0468),송도해수욕장(-0.0488),금정산성(-0.0551),성지곡수원지(-0.0584),누리마루(-0.0778),송도용궁구름다리(-0.0803),구덕야영장(-0.0867),범어사(-0.1088),동래읍성(-0.1123),보수동책방골목(-0.1582)
황령산,장산(0.5815),금정산성(0.3135),금강공원(0.1717),동래읍성(0.1714),광안대교(0.1617),이기대도시자연공원(0.1612),아미산전망대(0.1520),호천마을(0.1374),국제시장(0.1305),낙동강하구에코센터(0.1267),안데르센동화마을(0.1135),성지곡수원지(0.1131),강서체육공원(0.0946),태종대(0.0878),송도용궁구름다리(0.0767),부산박물관(0.0765),부산어촌민속관(0.0757),구덕운동장(0.0719),더베이101(0.0601),장안사(0.0591),오륙도스카이워크(0.0569),부산항대교(0.0425),초량이바구길(0.0417),서동미로시장(0.0402),다대포해수욕장(0.0363),회동수원지(0.0320),영도대교(0.0289),용두산공원(0.0246),보수동책방골목(0.0212),아홉산숲(0.0104),부전마켓타운(0.0086),영화의전당(0.0073),흰여울문화마을(0.0044),대저생태공원(0.0044),UN공원(0.0024),감천문화마을(0.0020),비프광장(0.0003),자갈치시장(-0.0018),구포시장(-0.0033),벡스코(-0.0088),맥도생태공원(-0.0093),화명생태공원(-0.0108),남항대교(-0.0117),광안대교sup(-0.0200),부산치유의숲(-0.0231),삼락생태공원(-0.0239),해운대블루라인파크(-0.0330),국립해양박물관(-0.0331),문화빙상센터(-0.0347),을숙도(-0.0354),사상인디스테이션(-0.0356),부산프리미엄아울렛(-0.0409),야구등대(-0.0411),깡깡이예술마을(-0.0422),상해거리(-0.0461),일광해수욕장(-0.0522),구덕야영장(-0.0538),아미르공원(-0.0540),해운대해수욕장(-0.0684),범어사(-0.0762),절영해안산책로(-0.0764),다대포꿈의낙조분수(-0.0816),동아대석당박물관(-0.0853),동래온천(-0.0873),누리마루(-0.0970),임랑해수욕장(-0.0975),부네치아(-0.1120),용호만유람선(-0.1153),전포카페거리(-0.1247),송상현광장(-0.1712),송도해수욕장(-0.2240),송정해수욕장(-0.2333)
회동수원지,성지곡수원지(0.4900),장산(0.2644),화명생태공원(0.1427),아미산전망대(0.1403),을숙도(0.1064),사상인디스테이션(0.1002),감천문화마을(0.0899),일광해수욕장(0.0879),흰여울문화마을(0.0873),서동미로시장(0.0860),낙동강하구에코센터(0.0770),해운대블루라인파크(0.0765),다대포해수욕장(0.0750),동아대석당박물관(0.0738),구덕운동장(0.0669),국제시장(0.0657),보수동책방골목(0.0655),범어사(0.0536),맥도생태공원(0.0499),부네치아(0.0472),영화의전당(0.0444),황령산(0.0320),문화빙상센터(0.0297),누리마루(0.0274),부산항대교(0.0266),남항대교(0.0262),호천마을(0.0238),송도용궁구름다리(0.0226),국립해양박물관(0.0202),전포카페거리(0.0171),부산프리미엄아울렛(0.0167),깡깡이예술마을(0.0164),용두산공원(0.0122),벡스코(0.0117),안데르센동화마을(0.0075),대저생태공원(0.0039),송도해수욕장(0.0001),더베이101(-0.0013),송상현광장(-0.0045),다대포꿈의낙조분수(-0.0051),구포시장(-0.0105),자갈치시장(-0.0116),금정산성(-0.0121),부산어촌민속관(-0.0150),부전마켓타운(-0.0153),UN공원(-0.0173),동래읍성(-0.0185),장안사(-0.0192),상해거리(-0.0314),부산치유의숲(-0.0343),이기대도시자연공원(-0.0377),야구등대(-0.0413),삼락생태공원(-0.0430),아홉산숲(-0.0436),용호만유람선(-0.0508),절영해안산책로(-0.0595),동래온천(-0.0601),부산박물관(-0.0618),광안대교sup(-0.0634),영도대교(-0.0736),해운대해수욕장(-0.0812),강서체육공원(-0.0888),초량이바구길(-0.0892),광안대교(-0.1011),태종대(-0.1070),오륙도스카이워크(-0.1125),비프광장(-0.1170),구덕야영장(-0.1356),아미르공원(-0.1386),금강공원(-0.1485),송정해수욕장(-0.1856),임랑해수욕장(-0.2267)
흰여울문화마을,절영해안산책로(0.7178),감천문화마을(0.6143),남항대교(0.2360),호천마을(0.2225),부네치아(0.2083),해운대블루라인파크(0.1930),태종대(0.1908),보수동책방골목(0.1817),이기대도시자연공원(0.1798),사상인디스테이션(0.1772),초량이바구길(0.1760),송도해수욕장(0.1744),맥도생태공원(0.1705),국립해양박물관(0.1514),누리마루(0.1481),야구등대(0.1248),동래읍성(0.1176),다대포꿈의낙조분수(0.1145),구포시장(0.1089),송상현광장(0.1068),전포카페거리(0.0985),대저생태공원(0.0984),오륙도스카이워크(0.0975),부산치유의숲(0.0905),삼락생태공원(0.0882),회동수원지(0.0873),아미르공원(0.0845),동래온천(0.0835),금정산성(0.0760),비프광장(0.0757),송도용궁구름다리(0.0735),임랑해수욕장(0.0693),송정해수욕장(0.0671),깡깡이예술마을(0.0653),구덕운동장(0.0532),해운대해수욕장(0.0519),국제시장(0.0511),안데르센동화마을(0.0506),화명생태공원(0.0480),부전마켓타운(0.0413),더베이101(0.0398),범어사(0.0395),서동미로시장(0.0283),문화빙상센터(0.0271),부산프리미엄아울렛(0.0210),성지곡수원지(0.0198),낙동강하구에코센터(0.0183),광안대교(0.0091),영화의전당(0.0047),황령산(0.0044),부산박물관(0.0008),구덕야영장(-0.0123),용두산공원(-0.0184),부산어촌민속관(-0.0198),상해거리(-0.0219),아홉산숲(-0.0300),장안사(-0.0342),다대포해수욕장(-0.0344),자갈치시장(-0.0489),동아대석당박물관(-0.0656),벡스코(-0.0674),광안대교sup(-0.0765),UN공원(-0.0769),일광해수욕장(-0.0801),금강공원(-0.0868),용호만유람선(-0.0916),부산항대교(-0.0973),영도대교(-0.0973),강서체육공원(-0.0978),을숙도(-0.1009),장산(-0.1272),아미산전망대(-0.1823)
