관광지명,추출_형용사
UN공원,"고귀하다, 특별하다, 시원하다, 거대하다, 색다르다, 드물다, 아름답다, 머나멀다, 간절하다, 의하다, 영원하다, 오래되다, 붉다, 진정하다, 난감하다, 가득하다, 조용하다, 한적하다, 불안정하다, 길다, 덥다, 더하다, 따뜻하다, 빨갛다, 수많다, 괜찮다, 경건하다, 화려하다, 유명하다, 깊다, 향기롭다, 정갈하다, 성하다, 밉다, 강하다, 장하다, 스럽다, 가능하다, 안되다, 푸르다, 새롭다, 어떻다, 이다, 파릇파릇하다, 애틋하다, 작다, 진하다, 적합하다, 부끄럽다, 다양하다, 단순하다, 희다, 뜨겁다, 엄숙하다"
감천문화마을,"부담스럽다, 비슷하다, 부드럽다, 특별하다, 오묘하다, 중요하다, 상당하다, 높다, 자세하다, 어렵다, 민망하다, 좁다, 선명하다, 독특하다, 쉽다, 뽀얗다, 사랑스럽다, 이쁘다, 가득하다, 아기자기하다, 조용하다, 귀엽다, 따뜻하다, 커다랗다, 한적하다, 부족하다, 더하다, 굉장하다, 소소하다, 다행하다, 빠르다, 궁금하다, 어느덧다, 유명하다, 예쁘다, 성하다, 즐겁다, 필요하다, 불편하다, 아쉽다, 값지다, 저렴하다, 착하다, 신나다, 멀다, 가능하다, 멋지다, 야하다, 이상하다, 충분하다, 지루하다, 행복하다, 쏠쏠하다, 넓다, 뜨끈하다, 청결하다, 알록달록하다, 어떻다, 친절하다, 안녕하다, 드럽다, 맛있다, 이다, 애매하다, 깨끗하다, 어느새다, 활기차다, 작다, 진하다, 짧다, 편하다, 다양하다, 다르다, 달콤하다, 희다, 넘치다"
강서체육공원,"원하다, 뿌옇다, 자세하다, 시원하다, 높다, 갑갑하다, 불가능하다, 낮다, 오래되다, 가깝다, 불가하다, 널찍하다, 덥다, 한적하다, 굉장하다, 어둡다, 궁금하다, 괜찮다, 깊다, 인하다, 저렴하다, 무덥다, 스럽다, 멀다, 가능하다, 밉다, 강하다, 야하다, 행복하다, 출출하다, 넓다, 차갑다, 안녕하다, 탁하다, 깨끗하다, 이다, 넉넉하다, 포근하다, 짧다, 확실하다, 편하다, 다양하다, 다르다, 계시다"
광안대교,"부담스럽다, 비슷하다, 미치다, 특별하다, 아깝다, 설레다, 높다, 적당하다, 희한하다, 아름답다, 어렵다, 맑다, 재밌다, 선명하다, 고프다, 끝내주다, 엄청나다, 가깝다, 당연하다, 조용하다, 맵다, 불가하다, 덥다, 널찍하다, 위험하다, 놀랍다, 굉장하다, 신기하다, 친절하다, 궁금하다, 빠르다, 정직하다, 유명하다, 춥다, 무섭다, 고소하다, 바쁘다, 아쉽다, 괜찮다, 저렴하다, 가능하다, 심하다, 멋지다, 신선하다, 이상하다, 망하다, 편안하다, 짭짤하다, 안되다, 쾌적하다, 곱다, 솔직하다, 넓다, 멋있다, 예쁘다, 차갑다, 뻔하다, 비싸다, 맛있다, 이다, 포근하다, 비루하다, 짧다, 재미있다, 편하다, 생소하다, 다양하다, 깔끔하다, 다르다, 확실하다, 간단하다, 기대하다, 은은하다, 시끄럽다"
광안리SUPZONE,"원하다, 특별하다, 시원하다, 평화롭다, 높다, 거대하다, 드넓다, 어렵다, 아름답다, 선연하다, 안전하다, 하얗다, 만족하다, 의하다, 쉽다, 당당하다, 기특하다, 조용하다, 자유롭다, 따뜻하다, 변하다, 길다, 귀중하다, 부족하다, 더하다, 성장하다, 소소하다, 잔잔하다, 무리하다, 고소하다, 예쁘다, 평범하다, 화려하다, 성하다, 필요하다, 밋밋하다, 평온하다, 수월하다, 신나다, 스럽다, 멀다, 멋지다, 단조롭다, 유리하다, 대견하다, 순수하다, 알맞다, 충분하다, 따스하다, 선하다, 연결하다, 쾌적하다, 쏠쏠하다, 느리다, 새롭다, 편리하다, 찡하다, 드럽다, 이다, 깨끗하다, 어느새다, 작다, 적합하다, 편하다, 다양하다, 간단하다, 꼼꼼하다, 은은하다, 거세지다, 넘치다"
구덕야영장,"비슷하다, 미치다, 중요하다, 높다, 상당하다, 익숙하다, 안타깝다, 아름답다, 화창하다, 맑다, 재밌다, 낮다, 싸늘하다, 벅차오르다, 오래되다, 가깝다, 이쁘다, 사랑스럽다, 조용하다, 찹찹하다, 가득하다, 진정하다, 자유롭다, 따뜻하다, 길다, 널찍하다, 어떠하다, 괜찮다, 소박하다, 바쁘다, 유명하다, 안락하다, 깊다, 아쉽다, 인하다, 역다, 저렴하다, 가능하다, 멀다, 멋지다, 야하다, 망하다, 장엄하다, 편안하다, 연결하다, 쾌적하다, 넓다, 설치다, 새롭다, 울퉁불퉁하다, 비싸다, 편리하다, 어떻다, 좋아하다, 안녕하다, 힘드다, 깨끗하다, 이다, 넉넉하다, 급하다, 방대하다, 작다, 짧다, 귀하다, 편하다, 싫다, 친숙하다, 씁쓸하다, 젊다"
구덕운동장,"특별하다, 아깝다, 중요하다, 어렵다, 아름답다, 좁다, 간절하다, 불가능하다, 의하다, 치열하다, 가볍다, 가깝다, 연하다, 귀엽다, 덥다, 꾸준하다, 여전하다, 불과하다, 약하다, 유명하다, 깊다, 필요하다, 즐겁다, 아쉽다, 강하다, 가능하다, 노후하다, 충분하다, 안되다, 넓다, 분명하다, 어떻다, 새롭다, 아프다, 바람직하다, 안녕하다, 낡다, 이다, 힘들다, 힘드다, 맛있다, 작다, 대단하다, 적합하다, 재미있다, 쓰리다, 다양하다, 다르다, 빨르다, 뜨겁다"
구포시장,"부드럽다, 특별하다, 어렵다, 단단하다, 비리다, 한산하다, 재밌다, 풍부하다, 고프다, 만족하다, 배부르다, 쉽다, 아기자기하다, 가득하다, 맵다, 따뜻하다, 덥다, 굉장하다, 다행하다, 궁금하다, 괜찮다, 따끈하다, 유명하다, 화려하다, 친절하다, 즐겁다, 저렴하다, 알차다, 착하다, 가능하다, 신선하다, 놀래다, 웬만하다, 안되다, 행복하다, 쾌적하다, 넓다, 어떻다, 마르다, 비싸다, 좋아하다, 맛있다, 안녕하다, 이다, 넉넉하다, 작다, 정겹다, 확실하다, 지저분하다, 다양하다, 깔끔하다, 조그마하다, 꼼꼼하다, 느끼하다, 큼지막하다"
국립해양박물관,"미치다, 비슷하다, 시원하다, 거대하다, 높다, 색다르다, 익숙하다, 적당하다, 똑같다, 어렵다, 좁다, 어설프다, 엄청나다, 가깝다, 뿌듯하다, 귀엽다, 덥다, 부족하다, 변하다, 길다, 놀랍다, 굉장하다, 신기하다, 괜찮다, 바쁘다, 쎄다, 예쁘다, 화려하다, 무섭다, 깊다, 아쉽다, 즐겁다, 유명하다, 정확하다, 알차다, 가능하다, 멀다, 담백하다, 추하다, 야하다, 충분하다, 지루하다, 간결하다, 멍하다, 안되다, 유익하다, 완벽하다, 솔직하다, 넓다, 느리다, 멋있다, 새롭다, 알록달록하다, 비싸다, 좋아하다, 안녕하다, 이다, 깨끗하다, 힘들다, 급하다, 작다, 짧다, 확실하다, 재미있다, 생소하다, 다양하다, 깔끔하다, 다르다, 부실하다"
국제시장,"설레다, 훌륭하다, 건강하다, 두껍다, 가볍다, 가깝다, 가득하다, 맵다, 변하다, 덥다, 아무렇다, 신기하다, 친절하다, 복잡하다, 무섭다, 유명하다, 화려하다, 얇다, 정확하다, 알차다, 담백하다, 안되다, 아프다, 어떻다, 바삭바삭하다, 마르다, 이다, 편하다, 느끼하다, 탱글탱글하다, 촉촉하다, 궁금하다, 소박하다, 수월하다, 고급스럽다, 스럽다, 알맞다, 따스하다, 완벽하다, 넓다, 뜨끈하다, 작다, 단순하다, 은은하다, 원하다, 부드럽다, 시원하다, 높다, 뿐이다, 끝내주다, 오래되다, 따뜻하다, 길다, 여전하다, 고소하다, 필요하다, 밉다, 신선하다, 씬나다, 쏠쏠하다, 맛있다, 안녕하다, 넉넉하다, 남다르다, 다양하다, 깔끔하다, 갑작스럽다, 특별하다, 좁다, 화창하다, 풍부하다, 생생하다, 당연하다, 깊다, 우수하다, 구수하다, 가능하다, 특이하다, 짭짤하다, 행복하다, 굳다, 대단하다, 진하다, 다르다, 간단하다, 달콤하다"
금강공원,"부담스럽다, 원하다, 미치다, 특별하다, 시원하다, 상쾌하다, 설레다, 상당하다, 높다, 헷갈리다, 어렵다, 아름답다, 선명하다, 오래되다, 가볍다, 쌀쌀하다, 상관없다, 따뜻하다, 덥다, 길다, 꾸준하다, 여전하다, 신기하다, 친절하다, 궁금하다, 예쁘다, 빠르다, 어느덧다, 약하다, 성하다, 깊다, 아쉽다, 무섭다, 만족스럽다, 알차다, 저렴하다, 스럽다, 험하다, 멀다, 멋지다, 안남다, 험난하다, 충분하다, 망하다, 행복하다, 부산하다, 솔직하다, 느리다, 뜨끈하다, 넓다, 어떻다, 무리다, 맛있다, 안녕하다, 낡다, 깨끗하다, 이다, 넉넉하다, 작다, 짧다, 편하다, 확실하다, 다양하다, 깔끔하다, 다르다, 간단하다, 차분하다, 계시다, 젊다"
금정산성,"적당하다, 답답하다, 비리다, 두껍다, 원활하다, 덥다, 변하다, 유명하다, 얇다, 정갈하다, 아쉽다, 알차다, 흔하다, 담백하다, 쾌적하다, 솔직하다, 어떻다, 새롭다, 어마어마하다, 비싸다, 이다, 재미있다, 싫다, 지저분하다, 심심하다, 불쾌하다, 아름답다, 만족하다, 반갑다, 궁금하다, 예쁘다, 괜찮다, 야하다, 웬만하다, 완벽하다, 넓다, 작다, 싱그럽다, 정겹다, 짧다, 확실하다, 소중하다, 꼼꼼하다, 부담스럽다, 시원하다, 높다, 배고프다, 딱이다, 귀엽다, 상관없다, 부족하다, 길다, 어리둥절하다, 즐겁다, 저렴하다, 멋지다, 아담하다, 지루하다, 분명하다, 맛있다, 안녕하다, 깔끔하다, 뜨겁다, 보들보들하다, 특별하다, 중요하다, 좁다, 화창하다, 선명하다, 조용하다, 바쁘다, 든든하다, 가능하다, 행복하다, 좋아하다, 대단하다, 다르다, 기대하다, 달콤하다, 맛없다"
깡깡이예술마을,"부드럽다, 특별하다, 아깝다, 중요하다, 거대하다, 별다르다, 높다, 좁다, 독특하다, 불가능하다, 치열하다, 가볍다, 쇠퇴하다, 예사롭다, 분주하다, 변하다, 부족하다, 따뜻하다, 귀중하다, 묵직하다, 놀랍다, 굉장하다, 복잡하다, 완전하다, 빠르다, 예쁘다, 신기하다, 유명하다, 화려하다, 무섭다, 깊다, 아쉽다, 즐겁다, 슬프다, 알차다, 멀다, 멋지다, 뭉클하다, 박하다, 쾌적하다, 알록달록하다, 새롭다, 어떻다, 안녕하다, 낡다, 이다, 귀하다, 짧다, 다양하다, 다르다, 단순하다, 간단하다, 계시다"
낙동강하구에코센터,"비슷하다, 부드럽다, 자세하다, 안타깝다, 흥미롭다, 아름답다, 맑다, 재밌다, 만족하다, 이러하다, 반하다, 가볍다, 가깝다, 쌀쌀하다, 자유롭다, 조용하다, 귀엽다, 한적하다, 불쌍하다, 길다, 따뜻하다, 덥다, 무겁다, 신기하다, 예쁘다, 빠르다, 춥다, 궁금하다, 성하다, 즐겁다, 평온하다, 만족스럽다, 알차다, 신나다, 착하다, 가능하다, 멋지다, 유용하다, 추하다, 이상하다, 위대하다, 간결하다, 편안하다, 유익하다, 행복하다, 넓다, 멋있다, 차갑다, 어떻다, 편리하다, 새롭다, 안녕하다, 좋아하다, 이다, 작다, 양하다, 짧다, 편하다, 재미있다, 유치하다, 다양하다, 소중하다, 기대하다, 선선해지다"
남항대교,"높다, 설레다, 별다르다, 한산하다, 하얗다, 고프다, 붉다, 덥다, 여전하다, 빠르다, 괜찮다, 또렷하다, 성하다, 아쉽다, 불편하다, 알차다, 멋지다, 안되다, 부산하다, 출출하다, 느긋하다, 새롭다, 힘드다, 깨끗하다, 힘들다, 급하다, 포근하다, 작다, 짧다, 피곤하다, 편하다, 다르다, 희다"
누리마루,"뿌옇다, 시원하다, 설레다, 높다, 딱하다, 상당하다, 아름답다, 한산하다, 하얗다, 선명하다, 안전하다, 낮다, 붉다, 이쁘다, 가깝다, 아기자기하다, 덥다, 길다, 친절하다, 예쁘다, 바쁘다, 빠르다, 유명하다, 궁금하다, 괜찮다, 즐겁다, 깊다, 아쉽다, 착하다, 밉다, 가능하다, 멀다, 멋지다, 지루하다, 망하다, 완벽하다, 행복하다, 부지런하다, 어지럽다, 노랗다, 넓다, 새롭다, 어떻다, 비싸다, 좋아하다, 맛있다, 안녕하다, 힘들다, 이다, 애잔하다, 둥글다, 대단하다, 싫다, 다양하다, 희다, 계시다, 낯설다, 뜨겁다, 넘치다"
다대포낙조분수,"시원하다, 자세하다, 높다, 익숙하다, 요란하다, 안타깝다, 똑같다, 짙다, 아름답다, 단단하다, 하얗다, 간편하다, 속상하다, 치열하다, 성급하다, 보드랍다, 가볍다, 붉다, 진정하다, 아기자기하다, 가깝다, 이쁘다, 화사하다, 더하다, 잔잔하다, 어둡다, 완전하다, 짜릿하다, 수많다, 예쁘다, 화려하다, 즐겁다, 평온하다, 저렴하다, 신나다, 알차다, 가능하다, 황홀하다, 몽글몽글하다, 들뜨다, 멋지다, 순하다, 완벽하다, 의연하다, 덜하다, 못지않다, 안되다, 곱다, 넓다, 느긋하다, 당하다, 굳다, 마르다, 전화하다, 좋아하다, 깨끗하다, 이다, 넉넉하다, 편하다, 확실하다, 다양하다, 단순하다, 차분하다, 명료하다, 계시다, 뜨겁다"
다대포해수욕장,"적당하다, 답답하다, 비리다, 낮다, 배부르다, 가볍다, 맵다, 더하다, 달짝지근하다, 신기하다, 무섭다, 유명하다, 화려하다, 아쉽다, 신나다, 멀다, 어떻다, 이다, 끊임없다, 편하다, 재미있다, 얕다, 계시다, 느끼하다, 넘치다, 뜨뜻하다, 아름답다, 독특하다, 야들야들하다, 잡다하다, 자유롭다, 촉촉하다, 깊숙하다, 예쁘다, 괜찮다, 강하다, 스럽다, 나란하다, 야하다, 부다, 칼칼하다, 출출하다, 넓다, 뜨끈하다, 작다, 단순하다, 소중하다, 희다, 큼지막하다, 원하다, 부드럽다, 얼큰하다, 시원하다, 높다, 단단하다, 배고프다, 재밌다, 신비롭다, 이쁘다, 따뜻하다, 길다, 여전하다, 빠르다, 즐겁다, 멋지다, 안녕하다, 맛있다, 넉넉하다, 다양하다, 깔끔하다, 뜨겁다, 특별하다, 헷갈리다, 드넓다, 안전하다, 쌀쌀하다, 당당하다, 당연하다, 잔잔하다, 완전하다, 약하다, 수많다, 깊다, 서운하다, 가능하다, 황홀하다, 통통하다, 자리다, 편안하다, 차갑다, 편리하다, 쾌청하다, 미세하다, 깨끗하다, 다르다, 간단하다, 기대하다, 맛없다"
대저생태공원,"아깝다, 거대하다, 어렵다, 아름답다, 친숙하다, 재밌다, 생생하다, 독특하다, 이러하다, 엄청나다, 오래되다, 가볍다, 가깝다, 이쁘다, 귀엽다, 따뜻하다, 덥다, 길다, 불쌍하다, 빨갛다, 잔잔하다, 신기하다, 예쁘다, 괜찮다, 고소하다, 빠르다, 소소하다, 즐겁다, 아쉽다, 수월하다, 저렴하다, 신나다, 부진하다, 멀다, 밉다, 가능하다, 추하다, 이상하다, 편안하다, 부지런하다, 넓다, 노랗다, 멋있다, 차갑다, 어떻다, 편리하다, 안녕하다, 맛있다, 좋아하다, 이다, 깨끗하다, 힘드다, 급하다, 작다, 편하다, 확실하다, 싫다, 다양하다, 간단하다, 기대하다, 달콤하다, 계시다, 허무하다, 야무지다"
더베이101,"원하다, 부드럽다, 특별하다, 시원하다, 평화롭다, 설레다, 높다, 견고하다, 적당하다, 자세하다, 아름답다, 답답하다, 안전하다, 훌륭하다, 생생하다, 딱이다, 두둑하다, 가볍다, 가득하다, 자유롭다, 세련되다, 길다, 더하다, 잔잔하다, 굉장하다, 친절하다, 궁금하다, 괜찮다, 예쁘다, 유명하다, 화려하다, 짜릿하다, 깊다, 필요하다, 기쁘다, 만족스럽다, 든든하다, 고급스럽다, 알차다, 신나다, 저렴하다, 가능하다, 멋지다, 근사하다, 편안하다, 유일하다, 완벽하다, 행복하다, 쾌적하다, 곱다, 넓다, 멋있다, 아프다, 편리하다, 어마어마하다, 좋아하다, 안녕하다, 이다, 넉넉하다, 편하다, 재미있다, 적합하다, 다양하다, 깔끔하다, 다르다, 간단하다"
동래온천,"미치다, 뜨뜻하다, 보들보들하다, 비슷하다, 중요하다, 매끈하다, 필요없다, 개운하다, 배고프다, 후끈하다, 뛰어나다, 오래되다, 가볍다, 가깝다, 조용하다, 상관없다, 덥다, 부족하다, 따뜻하다, 굉장하다, 딱딱하다, 궁금하다, 괜찮다, 유명하다, 오붓하다, 화려하다, 아쉽다, 필요하다, 든든하다, 불편하다, 만족스럽다, 저렴하다, 인하다, 가능하다, 멀다, 멋지다, 심하다, 충분하다, 안되다, 행복하다, 넓다, 편리하다, 비싸다, 맛있다, 좋아하다, 안녕하다, 이다, 깨끗하다, 작다, 뻣뻣하다, 편하다, 확실하다, 싫다, 다양하다, 깔끔하다, 다르다, 간단하다, 계시다, 보송보송하다, 푹신하다"
동래읍성,"실망하다, 원하다, 아깝다, 헷갈리다, 높다, 상당하다, 재밌다, 생생하다, 독특하다, 이러하다, 반갑다, 치열하다, 뛰어나다, 엄청나다, 가볍다, 가깝다, 가득하다, 불가하다, 귀엽다, 덥다, 커다랗다, 무겁다, 놀랍다, 신기하다, 다행하다, 괜찮다, 빠르다, 유명하다, 화려하다, 성하다, 즐겁다, 필요하다, 아쉽다, 깊다, 슬프다, 알차다, 착하다, 빡치다, 가능하다, 심하다, 참혹하다, 처참하다, 즐비하다, 자랑스럽다, 쾌적하다, 유익하다, 멋있다, 차갑다, 어떻다, 아늑하다, 비싸다, 아프다, 안녕하다, 맛있다, 좋아하다, 힘들다, 이다, 작다, 짧다, 동일하다, 다양하다, 깔끔하다, 다르다, 두렵다, 계시다"
맥도생태공원,"부담스럽다, 비슷하다, 원하다, 중요하다, 자세하다, 부럽다, 적당하다, 배고프다, 한산하다, 하얗다, 선명하다, 고프다, 만족하다, 현명하다, 낮다, 오래되다, 가볍다, 가깝다, 난감하다, 아기자기하다, 자유롭다, 조용하다, 상관없다, 덥다, 부족하다, 길다, 자연스럽다, 다행하다, 빠르다, 예쁘다, 괜찮다, 유명하다, 아쉽다, 필요하다, 불편하다, 밉다, 가능하다, 멀다, 멋지다, 쿨하다, 혼잡하다, 놀래다, 안되다, 넓다, 굳다, 차갑다, 어떻다, 안녕하다, 맛있다, 이다, 힘들다, 동그랗다, 진하다, 뻣뻣하다, 편하다, 확실하다, 생소하다, 싫다, 다양하다, 다르다, 소중하다, 간단하다, 계시다, 뜨겁다, 시끄럽다, 선선해지다"
문화빙상센터,"미치다, 원하다, 시원하다, 자세하다, 중요하다, 흥미롭다, 어렵다, 뿐이다, 안전하다, 훌륭하다, 풍부하다, 건강하다, 가득하다, 상관없다, 복잡하다, 괜찮다, 기대하다, 안좋다, 얇다, 즐겁다, 필요하다, 깊다, 인하다, 정확하다, 알차다, 무덥다, 저렴하다, 가능하다, 유용하다, 야하다, 유리하다, 충분하다, 완벽하다, 유익하다, 덜하다, 쾌적하다, 행복하다, 넓다, 차갑다, 아프다, 편리하다, 새롭다, 어떻다, 바람직하다, 이다, 한가하다, 확실하다, 적합하다, 편하다, 다양하다, 깔끔하다, 번거롭다, 단순하다, 간단하다, 다르다, 계시다"
범어사,"답답하다, 하얗다, 간절하다, 붉다, 가깝다, 가득하다, 덥다, 변하다, 복잡하다, 친절하다, 유명하다, 화려하다, 정갈하다, 아쉽다, 알차다, 멀다, 담백하다, 이상하다, 솔직하다, 비싸다, 이다, 편하다, 계시다, 훈훈하다, 평화롭다, 아름답다, 만족하다, 빨갛다, 다행하다, 예쁘다, 불편하다, 평온하다, 역다, 스럽다, 강하다, 야하다, 완벽하다, 노랗다, 넓다, 뜨끈하다, 확실하다, 희다, 은은하다, 부드럽다, 시원하다, 높다, 단단하다, 딱이다, 쉽다, 연하다, 따뜻하다, 길다, 꾸준하다, 여전하다, 고소하다, 멋지다, 안녕하다, 맛있다, 다양하다, 깔끔하다, 앙상하다, 자세하다, 색다르다, 어렵다, 좁다, 풍부하다, 고프다, 커다랗다, 깊다, 든든하다, 가능하다, 특이하다, 차갑다, 편리하다, 좋아하다, 진하다, 귀하다, 다르다, 간단하다, 기대하다"
벡스코,"비슷하다, 원하다, 특별하다, 중요하다, 상당하다, 익숙하다, 드물다, 어렵다, 답답하다, 안전하다, 치열하다, 쉽다, 폭넓다, 가볍다, 가득하다, 막막하다, 조용하다, 귀엽다, 따뜻하다, 부족하다, 무겁다, 모호하다, 신기하다, 완전하다, 빠르다, 궁금하다, 예쁘다, 친절하다, 유명하다, 괜찮다, 깊다, 아쉽다, 필요하다, 만족스럽다, 무섭다, 난해하다, 저렴하다, 착하다, 자연스럽다, 가능하다, 극심하다, 심하다, 수월하다, 정확하다, 고급스럽다, 혼잡하다, 충분하다, 싫어하다, 유익하다, 덜하다, 쾌적하다, 솔직하다, 분명하다, 어떻다, 어마어마하다, 맛있다, 힘들다, 이다, 넉넉하다, 용이하다, 대단하다, 편하다, 확실하다, 다양하다, 깔끔하다, 다르다, 단순하다, 간단하다, 꼼꼼하다, 투명하다, 계시다, 차분하다, 복잡하다"
보수동책방골목,"시원하다, 안타깝다, 어렵다, 아름답다, 재밌다, 선명하다, 딱이다, 반갑다, 예스럽다, 쉽다, 오래되다, 아기자기하다, 당연하다, 가득하다, 조용하다, 귀엽다, 따뜻하다, 덥다, 길다, 굉장하다, 다행하다, 고소하다, 예쁘다, 괜찮다, 유명하다, 궁금하다, 친절하다, 즐겁다, 필요하다, 깊다, 만족스럽다, 정갈하다, 알차다, 스럽다, 가능하다, 멋지다, 나란하다, 야하다, 부다, 아담하다, 충분하다, 덜하다, 행복하다, 곱다, 멋있다, 어떻다, 새롭다, 아늑하다, 안녕하다, 이다, 넉넉하다, 작다, 진하다, 짧다, 피곤하다, 정겹다, 재미있다, 편하다, 유치하다, 다양하다, 기대하다, 명료하다, 계시다, 빠르다, 푹신하다"
부네치아,"미치다, 자세하다, 괜찮다, 딱하다, 색다르다, 어렵다, 아름답다, 화창하다, 한산하다, 엄청나다, 붉다, 쌀쌀하다, 한적하다, 덥다, 길다, 부족하다, 빨갛다, 조화롭다, 신기하다, 예쁘다, 궁금하다, 빠르다, 복잡하다, 무섭다, 굉장하다, 유명하다, 아쉽다, 평범하다, 수월하다, 까맣다, 춥다, 저렴하다, 신나다, 가능하다, 멋지다, 부다, 자리다, 안되다, 덜하다, 넓다, 솔직하다, 청결하다, 유사하다, 새롭다, 알록달록하다, 어떻다, 안녕하다, 이다, 힘들다, 넉넉하다, 활발하다, 작다, 짧다, 편하다, 다양하다, 마땅하다, 기대하다, 계시다"
부산박물관,"아깝다, 흥미롭다, 적당하다, 답답하다, 잽싸다, 맵다, 소소하다, 신기하다, 따끈하다, 친절하다, 무섭다, 유명하다, 강인하다, 슬프다, 아쉽다, 까맣다, 신나다, 멀다, 안되다, 쾌적하다, 아프다, 새롭다, 어떻다, 비싸다, 이다, 편하다, 계시다, 느끼하다, 비슷하다, 벅차오르다, 세련되다, 잘생기다, 다행하다, 예쁘다, 안좋다, 스럽다, 야하다, 충분하다, 넓다, 뜨끈하다, 작다, 짧다, 높다, 똑같다, 끝내주다, 오래되다, 이쁘다, 귀엽다, 따뜻하다, 한적하다, 길다, 고소하다, 빠르다, 춥다, 즐겁다, 저렴하다, 밉다, 멋지다, 신선하다, 부지런하다, 맛있다, 안녕하다, 힘들다, 애매하다, 다양하다, 깔끔하다, 명확하다, 자세하다, 딱하다, 어렵다, 선명하다, 기특하다, 커다랗다, 바쁘다, 깊다, 가능하다, 그립다, 박하다, 근사하다, 놀래다, 편안하다, 굳다, 차갑다, 좋아하다"
부산어촌민속관,"높다, 흥미롭다, 좁다, 만족하다, 딱이다, 낮다, 두껍다, 가깝다, 아기자기하다, 자유롭다, 귀엽다, 덥다, 따뜻하다, 징징거리다, 여전하다, 적절하다, 친절하다, 빠르다, 바쁘다, 춥다, 무섭다, 슬프다, 아쉽다, 즐겁다, 알차다, 신나다, 강하다, 가능하다, 멋지다, 신선하다, 야하다, 충분하다, 지루하다, 안되다, 못지않다, 부산하다, 넓다, 알록달록하다, 새롭다, 어떻다, 맛있다, 안녕하다, 좋아하다, 이다, 애매하다, 깨끗하다, 시시하다, 작다, 동그랗다, 짧다, 편하다, 재미있다, 싫다, 다양하다, 깔끔하다, 얕다, 단순하다, 유치하다, 기대하다"
부산치유의숲,"상쾌하다, 하얗다, 낮다, 가볍다, 가깝다, 잽싸다, 덥다, 으스스하다, 신기하다, 친절하다, 무섭다, 유명하다, 아쉽다, 정확하다, 시리다, 험하다, 흔하다, 가늘다, 휩쓸다, 이다, 편하다, 평탄하다, 불안하다, 젊다, 상당하다, 아름답다, 청량하다, 독특하다, 굵다, 반갑다, 아기자기하다, 화사하다, 굉장하다, 다행하다, 예쁘다, 괜찮다, 쓸쓸하다, 기쁘다, 불편하다, 평온하다, 수월하다, 강하다, 충분하다, 웬만하다, 완벽하다, 어지럽다, 비밀스럽다, 넓다, 힘드다, 시시하다, 작다, 짧다, 소중하다, 미끄럽다, 시원하다, 거대하다, 높다, 한적하다, 길다, 즐겁다, 필요하다, 인하다, 밉다, 멋지다, 장엄하다, 안녕하다, 힘들다, 애매하다, 넉넉하다, 다양하다, 앙상하다, 특별하다, 치열하다, 조용하다, 불가하다, 커다랗다, 위험하다, 가능하다, 차갑다, 무리다, 편리하다, 좋아하다, 찡하다, 깨끗하다, 귀하다, 다르다"
부산프리미엄아울렛,"원하다, 비슷하다, 죄송하다, 딱하다, 어수선하다, 참되다, 한산하다, 귀찮다, 반갑다, 가깝다, 당연하다, 가득하다, 귀엽다, 덥다, 길다, 복잡하다, 궁금하다, 괜찮다, 예쁘다, 빠르다, 화려하다, 즐겁다, 아쉽다, 필요하다, 저렴하다, 신나다, 밉다, 가능하다, 스럽다, 멋지다, 자자하다, 쿨하다, 야하다, 혼잡하다, 솔깃하다, 지루하다, 덜하다, 행복하다, 탄탄하다, 쏠쏠하다, 넓다, 아프다, 어떻다, 새롭다, 휩쓸다, 어마어마하다, 안녕하다, 맛있다, 좋아하다, 이다, 힘들다, 넉넉하다, 시시하다, 작다, 대단하다, 짧다, 확실하다, 편하다, 다양하다, 다르다, 계시다, 넘치다"
부산항대교,"특별하다, 중요하다, 헷갈리다, 높다, 부럽다, 아름답다, 뿐이다, 답답하다, 한산하다, 안전하다, 끝내주다, 의하다, 치열하다, 그만하다, 실패하다, 가볍다, 가깝다, 조용하다, 불가하다, 귀엽다, 따뜻하다, 덥다, 상관없다, 다행하다, 빠르다, 예쁘다, 무섭다, 유명하다, 괜찮다, 약하다, 즐겁다, 아쉽다, 필요하다, 만족스럽다, 가능하다, 황홀하다, 멋지다, 멀다, 박하다, 자리다, 충분하다, 편안하다, 유일하다, 못지않다, 쾌적하다, 출출하다, 넓다, 청결하다, 아늑하다, 편리하다, 어마어마하다, 전화하다, 맛있다, 안녕하다, 힘드다, 이다, 힘들다, 깨끗하다, 작다, 편하다, 다양하다, 깔끔하다, 다르다, 단순하다, 간단하다, 빨르다"
부전마켓타운,"비슷하다, 특별하다, 싱싱하다, 시원하다, 아깝다, 설레다, 어렵다, 시원시원하다, 고프다, 원활하다, 가깝다, 당연하다, 가득하다, 뿌듯하다, 덥다, 길다, 소소하다, 신기하다, 딱딱하다, 빠르다, 복잡하다, 유명하다, 아쉽다, 든든하다, 서운하다, 필요하다, 알차다, 착하다, 가능하다, 담백하다, 신선하다, 야하다, 충분하다, 안되다, 쏠쏠하다, 느리다, 좋아하다, 맛있다, 안녕하다, 이다, 깨끗하다, 어느새다, 정겹다, 편하다, 다양하다, 깔끔하다, 다르다, 계시다, 낯설다, 뜨겁다, 넘치다"
비프광장,"비슷하다, 중요하다, 충실하다, 딱하다, 불타다, 비리다, 직하다, 훌륭하다, 이러하다, 강력하다, 배부르다, 촌스럽다, 가깝다, 성장하다, 친절하다, 게으르다, 불과하다, 바쁘다, 유명하다, 평범하다, 괜찮다, 화려하다, 필요하다, 불편하다, 만족스럽다, 인하다, 고급스럽다, 알차다, 역다, 가능하다, 멀다, 멋지다, 특이하다, 박하다, 통통하다, 칼칼하다, 완벽하다, 안되다, 덜하다, 편안하다, 쾌적하다, 탄탄하다, 넓다, 멋있다, 큼직하다, 새롭다, 뻔하다, 맛있다, 좋아하다, 안녕하다, 깨끗하다, 이다, 환하다, 진하다, 편하다, 싫다, 깔끔하다, 간단하다, 달콤하다, 야무지다"
사상인디스테이션,"원하다, 특별하다, 중요하다, 시원하다, 설레다, 상당하다, 높다, 재밌다, 만족하다, 이러하다, 반갑다, 경쾌하다, 가깝다, 이쁘다, 가득하다, 자유롭다, 불가하다, 귀엽다, 커다랗다, 덥다, 길다, 꾸준하다, 굉장하다, 잔잔하다, 친절하다, 딱딱하다, 바쁘다, 이뿌다, 유명하다, 화려하다, 성하다, 아쉽다, 필요하다, 즐겁다, 인하다, 알차다, 무덥다, 가능하다, 멋지다, 밀접하다, 싫어하다, 행복하다, 넓다, 차갑다, 어떻다, 마르다, 새롭다, 편리하다, 좋아하다, 안녕하다, 이다, 환하다, 활발하다, 작다, 짧다, 편하다, 다양하다, 다르다, 기대하다, 계시다"
삼락생태공원,"유쾌하다, 시원하다, 상당하다, 적당하다, 필요없다, 아름답다, 재밌다, 안전하다, 만족하다, 굵다, 낮다, 가볍다, 가깝다, 쌀쌀하다, 가득하다, 덥다, 변하다, 길다, 구리다, 따뜻하다, 촉촉하다, 친절하다, 괜찮다, 궁금하다, 무섭다, 따끈하다, 화려하다, 즐겁다, 기쁘다, 슬프다, 알뜰하다, 아쉽다, 깊다, 알차다, 신나다, 무덥다, 가능하다, 멀다, 야하다, 충분하다, 안되다, 쾌적하다, 출출하다, 넓다, 흥겹다, 차갑다, 어떻다, 비싸다, 좋아하다, 안녕하다, 힘드다, 깨끗하다, 이다, 힘들다, 흥분하다, 강렬하다, 활기차다, 시시하다, 작다, 짧다, 편하다, 재미있다, 싫다, 다양하다, 다르다, 얕다, 간단하다, 달콤하다, 계시다, 은은하다, 뜨겁다"
상해거리,"특별하다, 헷갈리다, 중요하다, 설레다, 색다르다, 상당하다, 적당하다, 어렵다, 단단하다, 배고프다, 끝내주다, 재밌다, 훌륭하다, 풍부하다, 반하다, 배부르다, 가볍다, 가깝다, 조용하다, 맵다, 덥다, 따뜻하다, 길다, 묵직하다, 식겁하다, 부족하다, 놀랍다, 신기하다, 복잡하다, 괜찮다, 궁금하다, 사이좋다, 유명하다, 화려하다, 어느덧다, 다행하다, 아쉽다, 든든하다, 고소하다, 인하다, 정확하다, 저렴하다, 알차다, 신나다, 가능하다, 심하다, 신선하다, 야하다, 놀래다, 충분하다, 지루하다, 안되다, 곱다, 넓다, 무리다, 어떻다, 맛있다, 좋아하다, 안녕하다, 힘들다, 이다, 급하다, 남다르다, 작다, 진하다, 다양하다, 소중하다, 불안하다, 느끼하다"
서동미로시장,"비슷하다, 어질어질하다, 중요하다, 예민하다, 높다, 배고프다, 좁다, 배부르다, 쉽다, 오래되다, 가깝다, 화하다, 조용하다, 맵다, 따뜻하다, 덥다, 까다롭다, 놀랍다, 신기하다, 친절하다, 괜찮다, 바쁘다, 궁금하다, 유명하다, 고소하다, 평범하다, 깊다, 아쉽다, 얇다, 복잡하다, 수월하다, 휼륭하다, 저렴하다, 착하다, 멀다, 가능하다, 담백하다, 아담하다, 안되다, 부지런하다, 쏠쏠하다, 넓다, 솔직하다, 청결하다, 차갑다, 새롭다, 어떻다, 맛있다, 좋아하다, 안녕하다, 이다, 시끌벅적하다, 급하다, 활발하다, 편하다, 재미있다, 다양하다, 간단하다, 심심하다, 야무지다"
석당박물관,"비슷하다, 특별하다, 중요하다, 거대하다, 높다, 아름답다, 하얗다, 재밌다, 독특하다, 정교하다, 강력하다, 예스럽다, 가볍다, 쇠퇴하다, 붉다, 주도하다, 귀엽다, 귀중하다, 굉장하다, 괜찮다, 예쁘다, 깊다, 필요하다, 불편하다, 아쉽다, 밉다, 가능하다, 진기하다, 박하다, 섬세하다, 왠만하다, 망하다, 유일하다, 행복하다, 곱다, 새롭다, 격렬하다, 이다, 힘들다, 급하다, 작다, 다양하다, 깔끔하다, 다르다, 간단하다, 기대하다, 은은하다"
성지곡수원지,"무심하다, 중요하다, 따갑다, 시원하다, 익숙하다, 드넓다, 아름답다, 좁다, 맑다, 재밌다, 맛깔나다, 가볍다, 가깝다, 아기자기하다, 붉다, 당연하다, 조용하다, 귀엽다, 한적하다, 덥다, 길다, 이쁘다, 소소하다, 신기하다, 어둡다, 예쁘다, 괜찮다, 어느덧다, 잔잔하다, 빠르다, 즐겁다, 알차다, 신나다, 흔하다, 가능하다, 멀다, 멋지다, 순하다, 충분하다, 유익하다, 행복하다, 곱다, 푸르다, 솔직하다, 넓다, 어떻다, 새롭다, 마르다, 고요하다, 안녕하다, 좋아하다, 드럽다, 이다, 힘들다, 어느새다, 열악하다, 작다, 편하다, 싫다, 다양하다, 깔끔하다, 간단하다, 차분하다, 빨르다, 시끄럽다"
송도용궁구름다리,"자세하다, 시원하다, 높다, 별다르다, 색다르다, 아름답다, 맑다, 가볍다, 길다, 다행하다, 짜릿하다, 무섭다, 즐겁다, 아쉽다, 인하다, 저렴하다, 가능하다, 멋지다, 심하다, 불가피하다, 충분하다, 편안하다, 안되다, 연결하다, 부산하다, 넓다, 편리하다, 안녕하다, 좋아하다, 힘드다, 이다, 작다, 짧다, 다양하다, 다르다, 투명하다, 꼼꼼하다, 희다"
송도해수욕장,"아깝다, 충실하다, 적당하다, 비리다, 훌륭하다, 건강하다, 낮다, 가득하다, 소소하다, 신기하다, 일정하다, 정갈하다, 아쉽다, 만족스럽다, 착하다, 솔직하다, 어떻다, 비싸다, 이다, 편하다, 말르다, 젊다, 비슷하다, 아름답다, 독특하다, 촉촉하다, 굉장하다, 괜찮다, 불편하다, 수월하다, 스럽다, 충분하다, 완벽하다, 넓다, 포근하다, 작다, 짧다, 정겹다, 투명하다, 딱좋다, 은은하다, 정성스럽다, 부드럽다, 시원하다, 높다, 배고프다, 맑다, 실패하다, 오래되다, 이쁘다, 따뜻하다, 부족하다, 길다, 순순하다, 고소하다, 즐겁다, 저렴하다, 멋지다, 신선하다, 맛있다, 안녕하다, 힘들다, 다양하다, 깔끔하다, 미치다, 싱싱하다, 안전하다, 고프다, 당연하다, 조용하다, 조화롭다, 깊다, 든든하다, 구수하다, 가능하다, 친밀하다, 시원스럽다, 놀래다, 편안하다, 짭짤하다, 행복하다, 좋아하다, 다르다, 간단하다, 기대하다"
송상현광장,"특별하다, 자세하다, 흥미롭다, 어렵다, 느슨하다, 한산하다, 재밌다, 생생하다, 간편하다, 실패하다, 가볍다, 아기자기하다, 이쁘다, 가득하다, 자유롭다, 뿌듯하다, 귀엽다, 성장하다, 신기하다, 친절하다, 괜찮다, 쎄다, 예쁘다, 어둡다, 바쁘다, 조화롭다, 깊다, 즐겁다, 슬프다, 평온하다, 필요하다, 알차다, 저렴하다, 가능하다, 멋지다, 유용하다, 야하다, 충분하다, 편안하다, 미묘하다, 행복하다, 연결하다, 넓다, 괴롭다, 새롭다, 편리하다, 알록달록하다, 맛있다, 안녕하다, 좋아하다, 이다, 힘들다, 쓸데없다, 힘드다, 활기차다, 작다, 진하다, 짧다, 확실하다, 싫다, 다양하다, 간단하다, 달콤하다, 계시다, 젊다"
송정해수욕장,"미치다, 부드럽다, 원하다, 싱싱하다, 시원하다, 특별하다, 필요없다, 아름답다, 안전하다, 귀찮다, 독특하다, 간편하다, 현란하다, 실패하다, 가볍다, 이쁘다, 가득하다, 자유롭다, 따뜻하다, 촉촉하다, 어둡다, 완전하다, 빠르다, 예쁘다, 유명하다, 화려하다, 즐겁다, 필요하다, 불편하다, 정확하다, 저렴하다, 가능하다, 멋지다, 신선하다, 자리다, 충분하다, 편안하다, 안되다, 넓다, 솔직하다, 차갑다, 어떻다, 편리하다, 넓적하다, 맛있다, 안녕하다, 좋아하다, 이다, 깨끗하다, 넉넉하다, 둥글다, 편하다, 지저분하다, 번거롭다, 다양하다, 깔끔하다, 간단하다, 계시다, 희다, 야무지다"
아미르공원,"원하다, 따끈따끈하다, 높다, 하얗다, 독특하다, 불가능하다, 엄청나다, 가볍다, 가깝다, 불가하다, 덥다, 한적하다, 길다, 빨갛다, 소소하다, 복잡하다, 예쁘다, 무섭다, 유명하다, 성하다, 즐겁다, 아쉽다, 깊다, 불편하다, 신나다, 밉다, 가능하다, 몽글몽글하다, 야무지다, 아담하다, 웬만하다, 완벽하다, 안되다, 쾌적하다, 넓다, 어떻다, 마르다, 새롭다, 좋아하다, 안녕하다, 이다, 애매하다, 넉넉하다, 진하다, 편하다, 재미있다, 싫다, 다양하다, 얕다, 칠하다, 간단하다, 계시다, 희다, 선선해지다"
아미산전망대,"원하다, 특별하다, 아깝다, 시원하다, 자세하다, 높다, 익숙하다, 적당하다, 어렵다, 아름답다, 화창하다, 맑다, 찰랑하다, 딱이다, 가볍다, 가깝다, 신비롭다, 조용하다, 귀엽다, 덥다, 커다랗다, 길다, 묵묵하다, 상관없다, 잔잔하다, 신기하다, 어둡다, 궁금하다, 예쁘다, 유명하다, 아쉽다, 수월하다, 정확하다, 저렴하다, 가능하다, 황홀하다, 멋지다, 멀다, 신선하다, 야하다, 손쉽다, 비장하다, 지루하다, 망하다, 편안하다, 자랑스럽다, 멋있다, 차갑다, 어떻다, 뻔하다, 비싸다, 쾌청하다, 좋아하다, 안녕하다, 이다, 힘들다, 어느새다, 넉넉하다, 작다, 평안하다, 다양하다, 깔끔하다, 얕다, 간단하다, 계시다"
아홉산숲,"부드럽다, 시원하다, 거대하다, 딱하다, 안타깝다, 습하다, 어렵다, 아름답다, 개운하다, 맑다, 재밌다, 독특하다, 만족하다, 굵다, 반갑다, 지겹다, 가볍다, 가깝다, 신비롭다, 기특하다, 연하다, 빽빽하다, 상관없다, 덥다, 위험하다, 길다, 더하다, 굉장하다, 신기하다, 친절하다, 고소하다, 예쁘다, 약하다, 유명하다, 괜찮다, 잔잔하다, 깊다, 즐겁다, 만족스럽다, 무덥다, 구수하다, 밉다, 흔하다, 멋지다, 멀다, 담백하다, 신선하다, 자리다, 지루하다, 편안하다, 어지럽다, 부지런하다, 넓다, 차갑다, 새롭다, 맛있다, 안녕하다, 좋아하다, 이다, 힘들다, 넉넉하다, 동그랗다, 짧다, 귀하다, 편하다, 다양하다, 깔끔하다, 고슬고슬하다, 다르다, 꼼꼼하다, 미끄럽다, 은은하다, 젊다"
안데르센마을,"원하다, 차근하다, 특별하다, 높다, 딱하다, 흥미롭다, 어렵다, 아름답다, 재밌다, 치열하다, 벌겋다, 가볍다, 당연하다, 가득하다, 상관없다, 따뜻하다, 덥다, 위험하다, 길다, 귀엽다, 소소하다, 신기하다, 빠르다, 예쁘다, 무섭다, 궁금하다, 즐겁다, 아쉽다, 필요하다, 신나다, 가능하다, 멋지다, 산뜻하다, 충분하다, 지루하다, 따스하다, 완벽하다, 넓다, 솔직하다, 성공하다, 아프다, 굳다, 좋아하다, 이다, 깨끗하다, 힘들다, 끊임없다, 거뜬하다, 작다, 짧다, 편하다, 다양하다, 깔끔하다, 심심하다, 꼼꼼하다, 간단하다, 계시다"
야구등대,"비슷하다, 중요하다, 익숙하다, 어렵다, 아름답다, 직하다, 하얗다, 재밌다, 뛰어나다, 가깝다, 이쁘다, 당연하다, 조용하다, 맵다, 귀엽다, 따뜻하다, 덥다, 길다, 한적하다, 빨갛다, 신기하다, 모호하다, 괜찮다, 소박하다, 평범하다, 유명하다, 화려하다, 잔잔하다, 뚜렷하다, 아쉽다, 불편하다, 까맣다, 착하다, 밉다, 멀다, 가능하다, 용하다, 멋지다, 특이하다, 야하다, 이상하다, 자리다, 충분하다, 지루하다, 흡족하다, 편안하다, 안되다, 계시다, 푸르다, 넓다, 노랗다, 성공하다, 굳다, 어떻다, 맛있다, 좋아하다, 안녕하다, 이다, 넉넉하다, 작다, 확실하다, 편하다, 사악하다, 다양하다, 다르다, 단순하다, 조그마하다, 희미하다"
영도대교,"원하다, 부드럽다, 특별하다, 시원하다, 설레다, 상당하다, 아찔하다, 똑같다, 좁다, 재밌다, 이러하다, 낮다, 가깝다, 잽싸다, 귀엽다, 덥다, 길다, 여전하다, 소소하다, 신기하다, 완전하다, 빠르다, 친절하다, 빨갛다, 화려하다, 즐겁다, 깊다, 필요하다, 불편하다, 강하다, 가능하다, 멋지다, 추하다, 완벽하다, 안되다, 행복하다, 유일하다, 부산하다, 쾌적하다, 넓다, 멋있다, 굳다, 느리다, 어떻다, 편리하다, 어마어마하다, 안녕하다, 이다, 애매하다, 넉넉하다, 작다, 짧다, 편하다, 부끄럽다, 다양하다, 깔끔하다, 단순하다, 차분하다, 기대하다, 간단하다, 계시다, 푹신하다"
영화의전당,"답답하다, 하얗다, 훌륭하다, 가깝다, 가득하다, 덥다, 소소하다, 신기하다, 자연스럽다, 친절하다, 유명하다, 화려하다, 아쉽다, 알차다, 신나다, 진솔하다, 산뜻하다, 이상하다, 안되다, 쾌적하다, 솔직하다, 어떻다, 이다, 흔쾌하다, 피곤하다, 편하다, 재미있다, 젊다, 상당하다, 만족하다, 반갑다, 아기자기하다, 잘생기다, 예쁘다, 스럽다, 넓다, 작다, 짧다, 확실하다, 단순하다, 원하다, 시원하다, 높다, 재밌다, 신비롭다, 이쁘다, 귀엽다, 따뜻하다, 여전하다, 빠르다, 춥다, 즐겁다, 필요하다, 인하다, 멋지다, 혼잡하다, 지루하다, 적응하다, 안녕하다, 맛있다, 동그랗다, 다양하다, 뜨겁다, 악세다, 특별하다, 자세하다, 어렵다, 풍부하다, 생생하다, 조용하다, 바쁘다, 깊다, 무덥다, 가능하다, 놀래다, 편안하다, 즐비하다, 행복하다, 멋있다, 편리하다, 좋아하다, 다르다, 신비하다"
오륙도,"원하다, 어색하다, 특별하다, 아깝다, 시원하다, 벅차다, 설레다, 아찔하다, 익숙하다, 높다, 아름답다, 맑다, 재밌다, 안전하다, 실패하다, 신비롭다, 가깝다, 조용하다, 따뜻하다, 한적하다, 길다, 짜릿하다, 다행하다, 궁금하다, 무섭다, 유명하다, 예쁘다, 아쉽다, 정확하다, 저렴하다, 강하다, 가능하다, 황홀하다, 멀다, 흔하다, 특이하다, 충분하다, 망하다, 노랗다, 큼직하다, 넓다, 느긋하다, 솔직하다, 편리하다, 새롭다, 어떻다, 안녕하다, 맛있다, 힘들다, 이다, 작다, 짧다, 싱그럽다, 편하다, 깔끔하다, 투명하다, 간단하다, 계시다, 넘치다"
용두산공원,"미치다, 실망하다, 아깝다, 자세하다, 높다, 어렵다, 답답하다, 개운하다, 간편하다, 고프다, 딱이다, 반갑다, 낮다, 두껍다, 배부르다, 실하다, 가볍다, 사랑스럽다, 아기자기하다, 귀엽다, 따뜻하다, 뽀송하다, 빠르다, 괜찮다, 예쁘다, 유명하다, 얇다, 정갈하다, 필요하다, 만족스럽다, 알차다, 스럽다, 가능하다, 강하다, 용하다, 특이하다, 알맞다, 완벽하다, 안되다, 행복하다, 넓다, 솔직하다, 어떻다, 새롭다, 좋아하다, 안녕하다, 맛있다, 이다, 깨끗하다, 애매하다, 넉넉하다, 토실토실하다, 확실하다, 편하다, 재미있다, 다양하다, 깔끔하다, 다르다, 간단하다, 계시다, 은은하다, 푹신하다, 밤늦다"
용호만부두,"미치다, 실망하다, 특별하다, 불쾌하다, 시원하다, 자세하다, 높다, 습하다, 아름답다, 끝내주다, 재밌다, 안전하다, 가깝다, 쌀쌀하다, 이쁘다, 자유롭다, 불친절하다, 귀엽다, 덥다, 따뜻하다, 불가하다, 굉장하다, 친절하다, 예쁘다, 빠르다, 춥다, 수많다, 화려하다, 즐겁다, 아쉽다, 불편하다, 알차다, 밉다, 가능하다, 황홀하다, 멀다, 멋지다, 편안하다, 안되다, 쾌적하다, 넓다, 멋있다, 설치다, 새롭다, 어떻다, 비싸다, 맛있다, 안녕하다, 이다, 넉넉하다, 친하다, 편하다, 확실하다, 다양하다, 깔끔하다, 다르다, 간단하다, 소중하다"
을숙도생태공원,"비슷하다, 부드럽다, 특별하다, 자세하다, 시원하다, 높다, 안타깝다, 흥미롭다, 설레다, 아름답다, 맑다, 정교하다, 만족하다, 이러하다, 반하다, 엄청나다, 가볍다, 가깝다, 쌀쌀하다, 조용하다, 자유롭다, 귀엽다, 따뜻하다, 한적하다, 덥다, 길다, 불가하다, 무겁다, 놀랍다, 촉촉하다, 조화롭다, 예쁘다, 괜찮다, 춥다, 유명하다, 아쉽다, 만족스럽다, 신나다, 가능하다, 멋지다, 야하다, 위대하다, 지루하다, 간결하다, 안되다, 넓다, 멋있다, 큼직하다, 어떻다, 아늑하다, 씁쓸하다, 새롭다, 비싸다, 안녕하다, 좋아하다, 맛있다, 이다, 넉넉하다, 거뜬하다, 작다, 양하다, 짧다, 뻣뻣하다, 진하다, 편하다, 유치하다, 다양하다, 싫다, 단순하다, 간단하다, 소중하다, 계시다"
이기대도시자연공원,"설레다, 익숙하다, 적당하다, 하얗다, 낮다, 가볍다, 가깝다, 가득하다, 덥다, 소소하다, 자연스럽다, 무섭다, 화려하다, 아쉽다, 까맣다, 신나다, 아프다, 드라마틱하다, 이다, 얕다, 차분하다, 불안하다, 계시다, 청량하다, 만족하다, 궁금하다, 예쁘다, 소박하다, 알맞다, 충분하다, 따스하다, 부산하다, 넓다, 노랗다, 힘드다, 작다, 짧다, 확실하다, 원하다, 시원하다, 높다, 조심스럽다, 짙다, 뿐이다, 맑다, 이러하다, 쉽다, 길다, 여전하다, 빠르다, 즐겁다, 필요하다, 인하다, 밉다, 멋지다, 혼잡하다, 지루하다, 망하다, 쏠쏠하다, 안녕하다, 맛있다, 힘들다, 친하다, 다양하다, 색다르다, 어렵다, 좁다, 선명하다, 쌀쌀하다, 조용하다, 위험하다, 잔잔하다, 완전하다, 깊다, 튼튼하다, 가능하다, 특이하다, 편안하다, 멍하다, 멋있다, 굳다, 차갑다, 좋아하다, 간단하다"
일광해수욕장,"부드럽다, 아깝다, 시원하다, 자세하다, 상당하다, 탱글탱글하다, 설레다, 적당하다, 어렵다, 아름답다, 중요하다, 시원시원하다, 이러하다, 건강하다, 반하다, 가깝다, 가득하다, 조용하다, 귀엽다, 덥다, 부족하다, 따뜻하다, 촉촉하다, 소소하다, 조화롭다, 따끈하다, 예쁘다, 친절하다, 딱딱하다, 유명하다, 괜찮다, 춥다, 빠르다, 아쉽다, 든든하다, 불편하다, 필요하다, 기쁘다, 저렴하다, 신나다, 스럽다, 가능하다, 강하다, 멋지다, 이상하다, 지루하다, 싫어하다, 완벽하다, 안되다, 행복하다, 솔직하다, 넓다, 멋있다, 어떻다, 새롭다, 안녕하다, 좋아하다, 맛있다, 이다, 애매하다, 깨끗하다, 급하다, 작다, 친하다, 재미있다, 편하다, 확실하다, 다양하다, 깔끔하다, 얕다, 기대하다, 달콤하다, 계시다, 희다, 젊다"
임랑해수욕장,"아깝다, 익숙하다, 비리다, 낮다, 두껍다, 붉다, 가깝다, 가득하다, 더하다, 복잡하다, 친절하다, 신기하다, 만족스럽다, 시리다, 알차다, 흔하다, 아프다, 어떻다, 이다, 흔쾌하다, 옅다, 편하다, 싫다, 번거롭다, 계시다, 느끼하다, 넘치다, 탱글탱글하다, 아름답다, 촉촉하다, 빨갛다, 괜찮다, 예쁘다, 성하다, 불편하다, 야하다, 넓다, 짧다, 부드럽다, 높다, 한산하다, 엄청나다, 분주하다, 귀엽다, 따뜻하다, 한적하다, 길다, 고소하다, 춥다, 즐겁다, 저렴하다, 밉다, 멋지다, 흐뭇하다, 안녕하다, 맛있다, 힘들다, 어둑하다, 다양하다, 깔끔하다, 미치다, 어렵다, 좁다, 안전하다, 풍부하다, 조용하다, 위험하다, 깊다, 든든하다, 가능하다, 들뜨다, 행복하다, 차갑다, 좋아하다, 찡하다, 어느새다, 후회되다, 진하다, 조마조마하다, 다르다, 간단하다"
자갈치시장,"부담스럽다, 미치다, 부드럽다, 비슷하다, 중요하다, 어수선하다, 설레다, 익숙하다, 적당하다, 믿음직하다, 독특하다, 반갑다, 엄청나다, 실패하다, 오래되다, 가깝다, 길다, 굉장하다, 신기하다, 다행하다, 고소하다, 괜찮다, 친절하다, 유명하다, 화려하다, 바쁘다, 깊다, 필요하다, 꼬들꼬들하다, 평범하다, 복잡하다, 정확하다, 저렴하다, 미안하다, 흔하다, 가능하다, 멋지다, 특이하다, 나란하다, 자리다, 충분하다, 고맙다, 완벽하다, 즐비하다, 연결하다, 넓다, 새롭다, 안녕하다, 맛있다, 힘드다, 이다, 시끌벅적하다, 좋아하다, 힘들다, 넉넉하다, 작다, 정겹다, 편하다, 지저분하다, 깔끔하다, 다르다, 간단하다, 계시다, 은은하다, 느끼하다"
장산,"헷갈리다, 높다, 어렵다, 좁다, 안전하다, 굵다, 가볍다, 불가하다, 외롭다, 커다랗다, 덥다, 길다, 따뜻하다, 다행하다, 빠르다, 괜찮다, 궁금하다, 예쁘다, 정갈하다, 필요하다, 스럽다, 가능하다, 멀다, 멋지다, 그립다, 밉다, 안남다, 야하다, 이상하다, 충분하다, 편안하다, 완벽하다, 안되다, 넓다, 어떻다, 안녕하다, 맛있다, 이다, 깨끗하다, 힘들다, 급하다, 한가롭다, 짧다, 다르다, 심심하다, 뜨겁다"
장안사,"설레다, 훌륭하다, 붉다, 가득하다, 덥다, 소소하다, 두텁다, 친절하다, 신기하다, 유명하다, 큼직하다, 새롭다, 이다, 편하다, 평탄하다, 계시다, 상당하다, 아름답다, 의하다, 반하다, 촉촉하다, 예쁘다, 궁금하다, 괜찮다, 성하다, 고급스럽다, 강하다, 스럽다, 충분하다, 완벽하다, 넓다, 작다, 짧다, 확실하다, 부드럽다, 시원하다, 한산하다, 딱이다, 뛰어나다, 귀엽다, 따뜻하다, 부족하다, 길다, 한적하다, 꾸준하다, 단정하다, 빠르다, 고소하다, 필요하다, 아담하다, 아늑하다, 맛있다, 안녕하다, 넉넉하다, 남다르다, 부들부들하다, 깔끔하다, 다양하다, 앙상하다, 뜨겁다, 선선해지다, 특별하다, 싱싱하다, 안전하다, 생생하다, 선명하다, 당연하다, 조용하다, 알싸하다, 완전하다, 깊다, 가능하다, 놀래다, 편안하다, 좋아하다, 깨끗하다, 강렬하다, 어느새다, 진하다, 대단하다, 간단하다, 야무지다"
전포카페거리,"원하다, 길쭉하다, 특별하다, 아깝다, 시원하다, 부드럽다, 높다, 수많다, 갑갑하다, 풍부하다, 훌륭하다, 선명하다, 딱이다, 낮다, 실하다, 배부르다, 가깝다, 아기자기하다, 자유롭다, 조용하다, 귀엽다, 화사하다, 따뜻하다, 덥다, 더하다, 달짝지근하다, 잔잔하다, 굉장하다, 친절하다, 빠르다, 예쁘다, 고소하다, 유명하다, 궁금하다, 괜찮다, 딱딱하다, 필요하다, 든든하다, 불편하다, 소소하다, 고급스럽다, 밉다, 가능하다, 스럽다, 강하다, 산뜻하다, 무지하다, 빨갛다, 놀래다, 신기하다, 충분하다, 넓다, 바삭바삭하다, 씁쓸하다, 아늑하다, 새롭다, 맛있다, 좋아하다, 안녕하다, 이다, 오동통하다, 나지막하다, 넉넉하다, 넘치다, 진하다, 대단하다, 다양하다, 깔끔하다, 다르다, 차분하다, 달콤하다, 계시다, 희다, 짱짱하다, 느끼하다, 정성스럽다"
절영해안산책로,"특별하다, 시원하다, 평화롭다, 높다, 드넓다, 아름답다, 좁다, 하얗다, 독특하다, 불가능하다, 오래되다, 붉다, 당연하다, 이쁘다, 가득하다, 아기자기하다, 조용하다, 변하다, 가깝다, 세련되다, 길다, 잔잔하다, 어둡다, 다행하다, 예쁘다, 수많다, 어느덧다, 유명하다, 화려하다, 깊다, 아쉽다, 즐겁다, 정확하다, 밉다, 멀다, 강하다, 멋지다, 끝없다, 특이하다, 찬찬하다, 아련하다, 편안하다, 안되다, 행복하다, 출출하다, 솔직하다, 멋있다, 새롭다, 알록달록하다, 어떻다, 편리하다, 안녕하다, 낡다, 힘드다, 이다, 힘들다, 삭막하다, 애잔하다, 작다, 편하다, 다양하다, 깔끔하다, 칠하다, 희다"
초량이바구길,"부담스럽다, 시원하다, 의기소침하다, 높다, 실없다, 우아하다, 부럽다, 어렵다, 아름답다, 하얗다, 재밌다, 의하다, 딱이다, 쉽다, 가볍다, 가깝다, 쌀쌀하다, 당연하다, 이쁘다, 조용하다, 가득하다, 따뜻하다, 덥다, 길다, 소소하다, 신기하다, 일정하다, 빠르다, 예쁘다, 복잡하다, 유명하다, 다행하다, 친절하다, 즐겁다, 아쉽다, 필요하다, 저렴하다, 착하다, 알차다, 멀다, 가능하다, 심하다, 들뜨다, 추하다, 충분하다, 따스하다, 멍하다, 계시다, 행복하다, 노랗다, 큼직하다, 어떻다, 비싸다, 맛있다, 드럽다, 힘드다, 이다, 힘들다, 안녕하다, 넉넉하다, 급하다, 포근하다, 귀하다, 편하다, 재미있다, 다양하다, 다르다, 간단하다, 빨르다"
태종대,"비슷하다, 자세하다, 시원하다, 어렵다, 아름답다, 맑다, 하얗다, 생생하다, 불안하다, 가볍다, 가깝다, 아기자기하다, 가득하다, 조용하다, 귀엽다, 따뜻하다, 부족하다, 길다, 덥다, 적절하다, 신기하다, 다행하다, 예쁘다, 궁금하다, 무섭다, 유명하다, 춥다, 괜찮다, 깊다, 아쉽다, 불편하다, 필요하다, 만족스럽다, 뚜렷하다, 저렴하다, 인하다, 가능하다, 멋지다, 남짓하다, 무지하다, 곧다, 충분하다, 고맙다, 망하다, 편안하다, 안되다, 넓다, 차갑다, 어떻다, 어마어마하다, 좋아하다, 안녕하다, 힘드다, 이다, 힘들다, 작다, 짧다, 편하다, 조급하다, 다양하다, 소중하다, 기대하다, 간단하다"
해운대블루라인파크,"원하다, 길쭉하다, 자세하다, 색다르다, 익숙하다, 아름답다, 한산하다, 안전하다, 불가능하다, 실패하다, 쉽다, 가깝다, 이쁘다, 자유롭다, 조용하다, 덥다, 길다, 다행하다, 예쁘다, 괜찮다, 유명하다, 아쉽다, 만족스럽다, 정확하다, 알차다, 저렴하다, 밉다, 가능하다, 멀다, 멋지다, 야하다, 근사하다, 자리다, 충분하다, 멍하다, 안되다, 덜하다, 완벽하다, 솔직하다, 넓다, 느긋하다, 분명하다, 차갑다, 어떻다, 비싸다, 안녕하다, 좋아하다, 힘드다, 힘들다, 이다, 맛있다, 어느새다, 짧다, 나른하다, 확실하다, 편하다, 간단하다, 기대하다, 시끄럽다, 젊다"
해운대해수욕장,"맛깔나다, 착착하다, 뽀얗다, 가깝다, 덥다, 더하다, 섭섭하다, 신기하다, 친절하다, 유명하다, 화려하다, 만족스럽다, 산뜻하다, 담백하다, 안되다, 쾌적하다, 솔직하다, 화끈하다, 어떻다, 이다, 탁월하다, 피곤하다, 편하다, 상당하다, 독특하다, 실하다, 반듯하다, 촉촉하다, 예쁘다, 소홀하다, 수월하다, 고급스럽다, 충분하다, 웬만하다, 완벽하다, 노랗다, 확실하다, 은은하다, 부드럽다, 시원하다, 높다, 드물다, 똑같다, 재밌다, 딱이다, 오래되다, 귀엽다, 부족하다, 고소하다, 빠르다, 춥다, 호화롭다, 즐겁다, 인하다, 저렴하다, 미끈하다, 밉다, 신선하다, 혼잡하다, 아담하다, 지루하다, 탄탄하다, 맛있다, 안녕하다, 넉넉하다, 다양하다, 깔끔하다, 싱싱하다, 중요하다, 딱하다, 색다르다, 어렵다, 좁다, 말갛다, 오붓하다, 깊다, 든든하다, 가능하다, 통통하다, 편안하다, 행복하다, 느긋하다, 좋아하다, 깨끗하다, 토실토실하다, 달콤하다"
호천마을,"비슷하다, 특별하다, 시원하다, 벅차다, 아찔하다, 색다르다, 익숙하다, 높다, 자세하다, 아름답다, 짙다, 맑다, 재밌다, 간절하다, 독특하다, 반갑다, 오래되다, 가득하다, 예사롭다, 변하다, 한적하다, 길다, 여전하다, 더하다, 아무렇다, 조화롭다, 수많다, 예쁘다, 소박하다, 무섭다, 유명하다, 깊다, 아쉽다, 인하다, 밉다, 가능하다, 멋지다, 박하다, 충분하다, 톡톡하다, 구불구불하다, 못지않다, 느리다, 아프다, 새롭다, 편리하다, 어떻다, 안녕하다, 낡다, 좋아하다, 이다, 깨끗하다, 힘들다, 환하다, 애틋하다, 작다, 정겹다, 선선해지다, 편하다, 재미있다, 생소하다, 다양하다, 희다, 고달프다, 젊다"
화명생태공원,"원하다, 자세하다, 상당하다, 어렵다, 아름답다, 재밌다, 생생하다, 엄청나다, 가깝다, 이쁘다, 사랑스럽다, 가득하다, 귀엽다, 상관없다, 귀중하다, 더하다, 신기하다, 친절하다, 빠르다, 괜찮다, 예쁘다, 즐겁다, 필요하다, 아쉽다, 값지다, 저렴하다, 신나다, 부진하다, 멀다, 가능하다, 멋지다, 알맞다, 놀래다, 즐비하다, 쾌적하다, 부지런하다, 넓다, 노랗다, 청결하다, 어떻다, 맛있다, 좋아하다, 안녕하다, 깨끗하다, 이다, 급하다, 작다, 짧다, 편하다, 부끄럽다, 다양하다, 깔끔하다, 간단하다, 허무하다"
황령산,"원하다, 어두침침하다, 중요하다, 시원하다, 높다, 익숙하다, 아름답다, 맑다, 배부르다, 쉽다, 그만하다, 가볍다, 당연하다, 불친절하다, 빽빽하다, 조용하다, 귀엽다, 따뜻하다, 덥다, 길다, 굉장하다, 어둡다, 친절하다, 빠르다, 바쁘다, 춥다, 예쁘다, 유명하다, 강인하다, 괜찮다, 고소하다, 화려하다, 아쉽다, 복잡하다, 시리다, 험하다, 가능하다, 멀다, 심하다, 멋지다, 특이하다, 자리다, 망하다, 편안하다, 다행하다, 넓다, 솔직하다, 멋있다, 차갑다, 새롭다, 어떻다, 비싸다, 안녕하다, 좋아하다, 맛있다, 이다, 힘들다, 싱그럽다, 피곤하다, 짧다, 편하다, 싫다, 다양하다, 깔끔하다, 기대하다, 맛없다, 뜨겁다, 밤늦다, 젊다"
회동수원지,"오묘하다, 예민하다, 가득하다, 덥다, 복잡하다, 신기하다, 평범하다, 유명하다, 아쉽다, 솔직하다, 큼직하다, 성공하다, 어떻다, 비싸다, 이다, 편하다, 계시다, 불쾌하다, 상당하다, 아름답다, 만족하다, 아기자기하다, 괜찮다, 소박하다, 궁금하다, 불편하다, 강하다, 어지럽다, 넓다, 씁쓸하다, 작다, 확실하다, 단순하다, 은은하다, 원하다, 부드럽다, 높다, 똑같다, 실패하다, 신비롭다, 이쁘다, 귀엽다, 한적하다, 따뜻하다, 길다, 여전하다, 고소하다, 빠르다, 밉다, 멋지다, 쏠쏠하다, 당하다, 분명하다, 아늑하다, 맛있다, 안녕하다, 검다, 힘들다, 애매하다, 쓰리다, 다양하다, 특별하다, 자세하다, 딱하다, 어렵다, 안전하다, 시큼하다, 보드랍다, 당연하다, 조용하다, 가능하다, 특이하다, 편안하다, 멍하다, 짭짤하다, 멋있다, 편리하다, 좋아하다, 기대하다, 달콤하다, 야무지다"
흰여울문화마을,"특별하다, 설레다, 익숙하다, 따끈따끈하다, 아름답다, 좁다, 끝내주다, 재밌다, 하얗다, 반갑다, 강력하다, 가볍다, 가깝다, 이쁘다, 아기자기하다, 조용하다, 맵다, 귀엽다, 불가하다, 부족하다, 길다, 위험하다, 여전하다, 적절하다, 소소하다, 복잡하다, 친절하다, 예쁘다, 빠르다, 무섭다, 유명하다, 게으르다, 춥다, 즐겁다, 아쉽다, 불편하다, 수월하다, 저렴하다, 멀다, 곤란하다, 야하다, 자리다, 싫어하다, 행복하다, 느긋하다, 멋있다, 분명하다, 어떻다, 울퉁불퉁하다, 비싸다, 아프다, 새롭다, 맛있다, 안녕하다, 좋아하다, 이다, 힘들다, 낡다, 힘드다, 사랑스럽다, 아늑하다, 작다, 질척하다, 짧다, 편하다, 확실하다, 다양하다, 깔끔하다, 싸하다, 번거롭다, 칠하다, 계시다, 희다, 뜨겁다, 느끼하다, 야무지다"
